case_id,is_lead,size,title,type,url
1,True,,,image,CitizensAssembly_2.jpg
1,False,,,image,index.php__16.jpg
1,False,67802,VD. British Columbia Citizens' Assembly on Electoral Reform.pdf,file,http://www.participedia.net/sites/default/files/case-files/VD.%20British%20Columbia%20Citizens%27%20Assembly%20on%20Electoral%20Reform.pdf
1,False,1961893,653_265_final_report.pdf,file,http://www.participedia.net/sites/default/files/case-files/653_265_final_report.pdf
1,False,213996,653_303_Case_Study_British_Columbia.pdf,file,http://www.participedia.net/sites/default/files/case-files/653_303_Case_Study_British_Columbia.pdf
2,True,,,image,NRP-MinniapolisNeighborhoods1.jpg
3,True,,,image,China_0.png
3,False,,,image,index.php__21.jpg
3,False,,,image,index.php2__7.jpg
3,False,135026,VD. Wenling City Deliberative Poll.pdf,file,http://www.participedia.net/sites/default/files/case-files/VD.%20Wenling%20City%20Deliberative%20Poll.pdf
3,False,423458,495_265_stanfordmag_call.pdf,file,http://www.participedia.net/sites/default/files/case-files/495_265_stanfordmag_call.pdf
3,False,71643,495_303_nyt_chinasnew.pdf,file,http://www.participedia.net/sites/default/files/case-files/495_303_nyt_chinasnew.pdf
3,False,153098,495_304_studytimes_deliberation2008_en.pdf,file,http://www.participedia.net/sites/default/files/case-files/495_304_studytimes_deliberation2008_en.pdf
3,False,33418,495_305_timeasia_dabbling.pdf,file,http://www.participedia.net/sites/default/files/case-files/495_305_timeasia_dabbling.pdf
4,True,,,image,01-berlin-13-02-09-kanzlerin-beim-buergerforum-europa.jpg
5,True,,,image,621.jpg
6,False,,,image,index.php__17.jpg
6,False,55255,VD. CaliforniaSpeaks.pdf,file,http://www.participedia.net/sites/default/files/case-files/VD.%20CaliforniaSpeaks.pdf
6,False,1128744,85_265_CA_Speaks_Evaluation_Report.pdf,file,http://www.participedia.net/sites/default/files/case-files/85_265_CA_Speaks_Evaluation_Report.pdf
7,True,,,image,ClarkCounty.jpg
8,True,,,image,CoreValues.gif
8,False,,,image,CoreValues.gif
8,False,,,image,index.php__20.jpg
8,False,,,image,index.php2__6.jpg
8,False,,,image,index.php3__4.jpg
8,False,58091,VD. The Citizen Councilor Network and its Countywide Community Forums.pdf,file,http://www.participedia.net/sites/default/files/case-files/VD.%20The%20Citizen%20Councilor%20Network%20and%20its%20Countywide%20Community%20Forums.pdf
8,False,852471,178_303_CCF_Evaluation_final.pdf,file,http://www.participedia.net/sites/default/files/case-files/178_303_CCF_Evaluation_final.pdf
8,False,2211519,178_304_CCF_R_5___KCAO_FULL_REPORT.pdf,file,http://www.participedia.net/sites/default/files/case-files/178_304_CCF_R_5___KCAO_FULL_REPORT.pdf
9,True,,,image,crowd_previewsml.jpg
11,True,,,image,Screen%20Shot%202012-06-22%20at%207.39.17%20PM_0.png
12,True,,,image,20090823-fwp14jbhb2537i13wdkxih6j56.jpg
13,True,,,image,100px-Portsmouth%2C_NH_Seal.png
13,False,,,image,index.php__19.jpg
13,False,,,image,index.php2__5.jpg
13,False,,,image,index.php3__3.jpg
13,False,,,image,index.php4__3.jpg
13,False,,,image,index.php5__1.jpg
13,False,,,image,index.php6__0.jpg
13,False,,,image,index.php7_.jpg
13,False,,,image,index.php8_.jpg
13,False,,,image,index.php9_.jpg
13,False,,,image,index.php10.jpg
13,False,76798,VD. Portsmouth Listens.pdf,file,http://www.participedia.net/sites/default/files/case-files/VD.%20Portsmouth%20Listens.pdf
13,False,225143,196_265_Case_Study_Portsmouth.pdf,file,http://www.participedia.net/sites/default/files/case-files/196_265_Case_Study_Portsmouth.pdf
13,False,225143,196_303_196_265_Case_Study_Portsmouth.pdf,file,http://www.participedia.net/sites/default/files/case-files/196_303_196_265_Case_Study_Portsmouth.pdf
14,True,,,image,Vizag_Seaport_aerial_view.jpg
15,True,,,image,799px-Hospital_Albert_Einstein.jpg
15,False,53199,VD. Brazil's Participatory Health Councils.pdf,file,http://www.participedia.net/sites/default/files/case-files/VD.%20Brazil%27s%20Participatory%20Health%20Councils.pdf
16,True,,,image,800px-Agriculture_of_Bangladesh_11.jpg
17,True,,,image,469px-Ovide_Mercredi.JPG
18,True,,,image,Fluor_Fernald_Workers.jpg
19,True,,,image,192px-Star_of_life2.svg_.png
20,True,,,image,800px-Vor_Frelsers_Kirke-view10.jpg
21,True,,,image,EJ.jpg
22,True,,,image,KY_State_Capitol.jpg
23,True,,,image,800px-Mahameru-volcano.jpg
24,True,,,image,300px-MaraisPoitevin.jpg
26,True,,,image,DSCF5725a.jpg
26,False,68483,VD. You Decide!.pdf,file,http://www.participedia.net/sites/default/files/case-files/VD.%20You%20Decide%21.pdf
26,False,2121029,312_265_You_Decide_brochure_v6.pdf,file,http://www.participedia.net/sites/default/files/case-files/312_265_You_Decide_brochure_v6.pdf
26,False,666542,312_303_YouDecide_A5flyer_SPREAD.pdf,file,http://www.participedia.net/sites/default/files/case-files/312_303_YouDecide_A5flyer_SPREAD.pdf
27,True,,,image,290px-Canberra_Montage.png
28,True,,,image,ontario.gif
31,True,,,image,HDO_Youtube_new.png
31,False,,,image,Handsraised-625x300%2010.21.32%20AM.jpg
32,True,,,image,UNOP%20picture_0.jpg
33,True,,,image,mayor.jpg
34,True,,,image,seattle1.gif
35,True,,,image,KerialaIndia.png
35,False,49148,VD. People's Planning Campaign.pdf,file,http://www.participedia.net/sites/default/files/case-files/VD.%20People%27s%20Planning%20Campaign.pdf
36,True,,,image,Ferdman%20facilitates%20CaliforniaSpeaks.jpg
37,True,,,image,POWER2010-Logo-rgb.jpg
39,True,,,image,ppl_0.jpg
40,True,,,image,marousi.jpg
42,True,,,image,logo.png
42,False,228695,Harz-Karp_dialogue-city.pdf,file,http://www.participedia.net/sites/default/files/case-files/Harz-Karp_dialogue-city.pdf
43,True,,,image,pb5_vote.jpg
44,True,,,image,9.jpg
44,False,54150,This PDF is a project description submitted to Vitalizing-Democracy.org as a contestant for the 2011 Reinhard Mohn Prize.,file,http://www.participedia.net/sites/default/files/case-files/VD.%20Participatory%20Budgeting%20in%20Porto%20Alegre.pdf
46,True,,,image,report-logo.gif
46,False,,,image,index.php__8.jpg
46,False,3662592,957_265_Democracy_at_Work___The_Ontario_Citizens___Assembly_on_Electoral_Reform.pdf,file,http://www.participedia.net/sites/default/files/case-files/957_265_Democracy_at_Work___The_Ontario_Citizens___Assembly_on_Electoral_Reform.pdf
46,False,932600,"957_303_One_Ballot,_Two_Votes.pdf",file,http://www.participedia.net/sites/default/files/case-files/957_303_One_Ballot%2C_Two_Votes.pdf
46,False,1014735,957_304_Citizen_Deliberative_Decision_Making_English.pdf,file,http://www.participedia.net/sites/default/files/case-files/957_304_Citizen_Deliberative_Decision_Making_English.pdf
50,True,,,image,senate-meeting.jpeg
53,True,,,image,USACE_Tillamook_Bay_Oregon.jpg
55,True,,,image,nice.jpg
4261,True,,,image,tunisia-map-physical.jpg
60,True,,,image,Flag-of-Brazil_2.jpg
64,True,,,image,cali.png
65,True,,,image,192800_10150257098843315_3495945_o.jpg
66,True,,,image,MHCC%20New%20Logo.JPG
66,False,261314,1190_265_MHCC_Engagement_Impacts.pdf,file,http://www.participedia.net/sites/default/files/case-files/1190_265_MHCC_Engagement_Impacts.pdf
66,False,138701,1190_303_MHCC_MH_Strategy_Goals_Before_and_After.pdf,file,http://www.participedia.net/sites/default/files/case-files/1190_303_MHCC_MH_Strategy_Goals_Before_and_After.pdf
67,True,,,image,_49766838_youth_parliament_466.jpg
69,True,,,image,eustar.jpg
70,True,,,image,newsom-garden.jpg
71,True,,,image,CAPS100x100.gif
74,True,,,image,indonesia.jpg
75,True,,,image,Open%20Government.jpg
77,True,,,image,scotland.jpg
78,True,,,image,unop01.jpg
78,False,51546,VD. Unified New Orleans Plan.pdf,file,http://www.participedia.net/sites/default/files/case-files/VD.%20Unified%20New%20Orleans%20Plan.pdf
80,True,,,image,Screen%20Shot%202015-08-10%20at%2012.00.22%20PM.png
82,True,,,image,mondragon.jpg
83,True,,,image,gacaca.jpg
88,True,,,image,Recife%20Brazil.jpg
88,False,,,image,index.php__22.jpg
88,False,,,image,index.php2__8.jpg
88,False,,,image,index.php3__5.jpg
88,False,,,image,index.php4__4.jpg
88,False,57271,VD. Recife Participatory Budget.pdf,file,http://www.participedia.net/sites/default/files/case-files/VD.%20Recife%20Participatory%20Budget.pdf
88,False,235520,1324_265_Social_Accountability.doc,file,http://www.participedia.net/sites/default/files/case-files/1324_265_Social_Accountability.doc
88,False,241667,1324_303_Case_Study_Recife.pdf,file,http://www.participedia.net/sites/default/files/case-files/1324_303_Case_Study_Recife.pdf
93,True,,,image,Chile_Costanera_Norte_crossing_downtown_Santiago.JPG
100,True,,,image,lundi-matin-lors-de-la-conference-de-presse-du-ccreg.jpg
105,True,,,image,8d786b3c1d.jpg
106,True,,,image,sullabuonastrada_depliant_small_0.jpg
109,True,,,image,La_Reina_desde_Las_Condes%2C_Chile.jpg
111,True,,,image,1239140226_SE%2520LHIN%2520groupshot.jpg
113,True,,,image,Ponte_Buggianese_panorama.JPG
117,True,,,image,Neighborhood_Action_logo.gif
130,True,,,image,althing.jpg
131,True,,,image,Icelands-parliament-the-a-007.jpg
135,True,,,image,oosterweel-actiegroepen-willen-regering-bestoken-met-e-mails_5_460x0.jpg
138,True,,,image,8.JPG
142,True,,,image,prampolini.jpg
143,True,,,image,levorno.jpg
766,True,,,image,Expo39_1.jpg
386,True,,,image,Screen%20Shot%202012-06-30%20at%202.11.20%20PM.png
419,True,,,image,NYC%20food%20faith%20justice%20lead.jpg
426,True,,,image,or%C3%A7amento%20participativo.gif
2454,True,,,image,pb5_vote.jpg
433,True,,,image,33.JPG
434,True,,,image,250px-Amherst_MA_USA.jpg
438,True,,,image,250px-Torranceca.jpg
439,True,,,image,250px-Newbrunswickwaterfront.jpg
440,True,,,image,StrongStarts0492rev.jpg
443,True,,,image,dance-performance-2961278857029or6h.jpg
548,True,,,image,YoCD%20image.jpg
445,True,,,image,240px-Onondaga_lake_skyline.jpg
449,True,,,image,logo_big.png
450,True,,,image,220px-Astronaut-EVA.jpg
451,True,,,image,Say_Logo2.gif
454,True,,,image,agenda.jpg
456,True,,,image,Brisas.jpg
460,True,,,image,800px-Barcelona._View_from_Tibidabo.jpg
461,True,,,image,afaa_logo.gif
462,True,,,image,Omagh_Snow_2006.jpg
463,True,,,image,250px-Montage_Pittsburgh.jpg
464,True,,,image,250px-Kobe_montage1.jpg
465,True,,,image,350px-Downtown_Trenton_NJ.jpg
466,True,,,image,agenda%20logo.jpg
467,True,,,image,beach-in-hawaii-1306282132QKp.jpg
468,True,,,image,agenda21%20.jpg
469,True,,,image,Expo39_1.jpg
471,True,,,image,5330-700361.jpg
473,True,,,image,100px-COA_Villa_El_Salvador_District_in_Lima_Province.png
475,True,,,image,auckland_0.gif
482,True,,,image,la-plata-468x351.jpg
483,True,,,image,3716193340_564b7088d7_b.jpg
485,True,,,image,800px-2007_07_Belgium_Brussels_06_%28cropped%29-1.jpg
487,True,,,image,2185-1274886922RYfZ.jpg
497,True,,,image,Panoramica_de_Medellin-Colombia.jpg
499,True,,,image,valle.jpg
500,True,,,image,800px-Kipsbaydriz_crop.JPG
505,True,,,image,220px-Bologna._Porta_Maggiore._Strada_Magiore._Torre_degli_Asinelli_IMG_3874.JPG
506,True,,,image,800px-Oudegracht_Utrecht_2.jpg
508,True,,,image,DSC02307.JPG
511,True,,,image,Montevideo_Uruguay.jpg
515,True,,,image,bikewalk.jpg
519,True,,,image,100_3828.JPG
519,False,,,image,15occupy600px.jpg
531,True,,,image,Lore%20lindu%20pic.jpg
534,True,,,image,123.jpg
597,True,,,image,Measure%2074b.jpg
558,True,,,image,sullabuonastrada_depliant_small.jpg
570,True,,,image,valle_0.jpg
587,True,,,image,agenda21%20_0.jpg
4085,True,,Réinventer la ville: Lac-Mégantic,image,reinventer-la-ville.png
588,True,,,image,220px-Bologna._Porta_Maggiore._Strada_Magiore._Torre_degli_Asinelli_IMG_3874_0.JPG
593,True,,,image,OregonCIR2010Panelists%20deliberate_0.jpg
595,True,,,image,8d786b3c1d_0.jpg
604,True,,,image,burning_man.jpg
619,True,,,image,inbelt1.jpg
633,True,,,image,49.jpeg
642,True,,,image,0.jpeg
644,True,,,image,Cartellone_sm.jpg
647,True,,,image,Raymond.PNG
769,True,,,image,Measure%2074b.jpg
1183,True,,,image,envision.jpg
718,True,,,image,IMAGE.jpg
773,True,,,image,20090823-fwp14jbhb2537i13wdkxih6j56.jpg
728,True,,,image,9.jpg
732,True,,,image,header_0.jpg
738,True,,,image,DistrictMapFront.png
741,True,,,image,43190.jpg
742,True,,,image,cpp_0.jpg
744,False,,,image,index.php__24.jpg
744,False,,,image,index.php2__9.jpg
744,False,,,image,index.php3__6.jpg
744,False,,,image,index.php4__5.jpg
744,False,56910,"VD. Co-Governance in Belo Horizonte, Brazil.pdf",file,http://www.participedia.net/sites/default/files/case-files/VD.%20Co-Governance%20in%20Belo%20Horizonte%2C%20Brazil.pdf
744,False,891093,241_265_bibl_Terence_Wood.pdf,file,http://www.participedia.net/sites/default/files/case-files/241_265_bibl_Terence_Wood.pdf
744,False,287163,241_303_83_Wood_Murray_ISSN_0924_0608.pdf,file,http://www.participedia.net/sites/default/files/case-files/241_303_83_Wood_Murray_ISSN_0924_0608.pdf
744,False,284992,241_304_Case_Study_Belo_Horizonte.pdf,file,http://www.participedia.net/sites/default/files/case-files/241_304_Case_Study_Belo_Horizonte.pdf
750,True,,,image,487650_411951982173672_1159299488_n.jpg
787,True,,,image,DistrictMapFront.png
755,True,,,image,01-berlin-13-02-09-kanzlerin-beim-buergerforum-europa.jpg
758,True,,,image,logo-buergerforum-26_0.gif
1199,True,,,image,image_mini-1.jpg
796,True,,,image,0.jpeg
797,True,,,image,horses_driveway.jpg
801,True,,,image,rainbow_logo%20-%20very%20small.jpg
808,True,,,image,800px-Mahameru-volcano.jpg
1134,True,,,image,song1.jpg
1110,True,,,image,niras1.jpg
1112,True,,,image,chinatown1.jpg
1112,False,,,image,chinatown2.jpg
1112,False,3558499,861_265_chinatown_poster_final_resize.pdf,file,http://www.participedia.net/sites/default/files/case-files/861_265_chinatown_poster_final_resize.pdf
825,True,,,image,290px-Canberra_Montage.png
1141,True,,,image,moscow1.JPG
1141,False,,,image,moscow2.JPG
1141,False,,,image,moscow4.JPG
1141,False,,,image,moscow7.JPG
1141,False,,,image,moscow8.JPG
1141,False,835210,549_265_Nomination_Municipal_Volunteer_Commissions.pdf,file,http://www.participedia.net/sites/default/files/case-files/549_265_Nomination_Municipal_Volunteer_Commissions.pdf
1184,True,,,image,Leith%20Decides.jpg
1185,True,,,image,index.php__2.jpg
1185,False,3414437,690_265_e_dialogos_Brasov.pptx,file,http://www.participedia.net/sites/default/files/case-files/690_265_e_dialogos_Brasov.pptx
1186,True,,,image,Childrens%20Udecide%20image_mini.jpg
973,True,,,image,berlin_0.jpg
973,False,481185,1161_265_080924_Projektaufruf_Lage.pdf,file,http://www.participedia.net/sites/default/files/case-files/1161_265_080924_Projektaufruf_Lage.pdf
973,False,10684748,1161_303_Zebralog_Praesentation_THF_eng.pdf,file,http://www.participedia.net/sites/default/files/case-files/1161_303_Zebralog_Praesentation_THF_eng.pdf
974,True,,,image,chem1.jpg
974,False,1096337,1210_265_NCFactsheet.pdf,file,http://www.participedia.net/sites/default/files/case-files/1210_265_NCFactsheet.pdf
1147,True,,,image,ppg-logo_0.jpg
1181,True,,,image,index.php_.jpg
1181,False,5445036,91_265_Doklad_GB_reduce_2.pdf,file,http://www.participedia.net/sites/default/files/case-files/91_265_Doklad_GB_reduce_2.pdf
1181,False,329113,91_303_91_305_OSI_Custody_visiting_report_2006.pdf,file,http://www.participedia.net/sites/default/files/case-files/91_303_91_305_OSI_Custody_visiting_report_2006.pdf
849,True,,,image,Ministerio%20da%20saude%202.png
850,True,,,image,image_1.jpg
852,True,,,image,althing.jpg
852,False,,,image,Constitutional_Diagram.jpg
970,True,,,image,index.php__5.jpg
970,False,4817408,1107_265_2010_07_16_HSK_Liste__Ratsbeschluss_08.07.2010_.xls,file,http://www.participedia.net/sites/default/files/case-files/1107_265_2010_07_16_HSK_Liste__Ratsbeschluss_08.07.2010_.xls
970,False,4433408,1107_303_1106_303_Entwurf_Rechenschaftsbericht_B_rbeteiligung.xls,file,http://www.participedia.net/sites/default/files/case-files/1107_303_1106_303_Entwurf_Rechenschaftsbericht_B_rbeteiligung.xls
971,True,,,image,mitreden.jpg
972,True,,,image,dresdner1.jpg
972,False,,,image,index.php2__1.jpg
972,False,,,image,index.php3_.jpg
972,False,,,image,index.php4_.jpg
972,False,184820,1140_265_DD_Neumarkt_Plakat.pdf,file,http://www.participedia.net/sites/default/files/case-files/1140_265_DD_Neumarkt_Plakat.pdf
972,False,79135,1140_303_DD_Neumarkt_Feedbackkarte.pdf,file,http://www.participedia.net/sites/default/files/case-files/1140_303_DD_Neumarkt_Feedbackkarte.pdf
1148,True,,,image,Participants%20take%20turns%20asking%20the%20minister%20and%20his%20team%20questions%20at%20Bwari%20Town%20Hall.jpg
1148,False,688140,237_265_Town_Hall_Meetings.pdf,file,http://www.participedia.net/sites/default/files/case-files/237_265_Town_Hall_Meetings.pdf
1148,False,357244,237_303_Case_Study_Nigeria.pdf,file,http://www.participedia.net/sites/default/files/case-files/237_303_Case_Study_Nigeria.pdf
1148,False,347174,237_304_DRFAT_REPORT_TO_MM_FOR_NICK_IDS_AWARD_NOMI_JULY_2010.pdf,file,http://www.participedia.net/sites/default/files/case-files/237_304_DRFAT_REPORT_TO_MM_FOR_NICK_IDS_AWARD_NOMI_JULY_2010.pdf
1150,False,,,image,Students%20presenting%20their%20ideas%20for%20improving%20their%20schools%20at%20the%20Citizens%27%20Hall_0.jpg
1150,False,,,image,President%20Elbegdorj%20Tsakhia%20opening%20a%20session%20of%20the%20Citizens%27%20Hall_0.jpg
1150,False,5511093,310_265_photos_of_CH.docx,file,http://www.participedia.net/sites/default/files/case-files/310_265_photos_of_CH.docx
1153,False,,,image,index.php__18.jpg
1153,False,,,image,index.php2__4.jpg
1153,False,,,image,index.php3__2.jpg
1153,False,,,image,index.php4__2.jpg
1153,False,,,image,index.php5__0.jpg
1153,False,60819,VD. Io Partecipo.pdf,file,http://www.participedia.net/sites/default/files/case-files/VD.%20Io%20Partecipo.pdf
1153,False,165902,332_265_Iopartecipo_article.pdf,file,http://www.participedia.net/sites/default/files/case-files/332_265_Iopartecipo_article.pdf
1153,False,283638,332_303_The_e_participation_projects_of_the_Emilia_Romagna.pdf,file,http://www.participedia.net/sites/default/files/case-files/332_303_The_e_participation_projects_of_the_Emilia_Romagna.pdf
1153,False,1361479,332_304_meeting_onu.pdf,file,http://www.participedia.net/sites/default/files/case-files/332_304_meeting_onu.pdf
873,True,,,image,Estacion%20Central.png
1105,True,,,image,ecc.jpg
1105,False,308078,219_265_ECC_09_Project_Description_final.pdf,file,http://www.participedia.net/sites/default/files/case-files/219_265_ECC_09_Project_Description_final.pdf
1250,True,,,image,CitizensAssembly_2.jpg
1107,True,,,image,family.jpg
1077,True,,,image,congreso%20visible.jpg
935,True,,,image,crowd_previewsml.jpg
1161,True,,,image,imagine.jpg
1244,True,,,image,Flag-of-Brazil_2.jpg
1197,True,,,image,image_mini.jpg
946,True,,,image,hampton1.jpg
946,False,,,image,index.php2__0.jpg
946,False,301831,94_265_Case_Study_Hampton.pdf,file,http://www.participedia.net/sites/default/files/case-files/94_265_Case_Study_Hampton.pdf
1109,True,,,image,lubecker.jpg
1087,True,,,image,3c1b03297b74bb05c9338624c86f63bf.jpg
1087,False,,,image,elizkautz1_0.jpg
1087,False,584133,87_265_Putting_the_Public_Back_in_New_Democrat_1997.pdf,file,http://www.participedia.net/sites/default/files/case-files/87_265_Putting_the_Public_Back_in_New_Democrat_1997.pdf
953,True,,,image,geraldton.jpg
953,False,,,image,index.php2_.jpg
953,False,521317,"683_265_Roles,_Deliberative_Process_and_Techniques.pdf",file,http://www.participedia.net/sites/default/files/case-files/683_265_Roles%2C_Deliberative_Process_and_Techniques.pdf
953,False,6679243,683_303_Geraldton_2029_Media_file.pdf,file,http://www.participedia.net/sites/default/files/case-files/683_303_Geraldton_2029_Media_file.pdf
953,False,403213,683_304_2029_and_beyond_preliminary_reports.pdf,file,http://www.participedia.net/sites/default/files/case-files/683_304_2029_and_beyond_preliminary_reports.pdf
953,False,389827,683_305_Geraldton_City_Region.pdf,file,http://www.participedia.net/sites/default/files/case-files/683_305_Geraldton_City_Region.pdf
953,False,291458,683_387_Case_Study_Geraldton.pdf,file,http://www.participedia.net/sites/default/files/case-files/683_387_Case_Study_Geraldton.pdf
1187,True,,,image,Miles%20Platting%20Decided.jpg
1188,True,,,image,Thornhill%20small.jpg
1094,True,,,image,alb_logo_0.png
1094,False,21272,760_265_Toespraak_Ank_Bijleveld_BZK.pdf,file,http://www.participedia.net/sites/default/files/case-files/760_265_Toespraak_Ank_Bijleveld_BZK.pdf
1094,False,18278,760_303_Speech_Ralph_Pans_Festival__IAMB.pdf,file,http://www.participedia.net/sites/default/files/case-files/760_303_Speech_Ralph_Pans_Festival__IAMB.pdf
1094,False,36078,760_304_FEST_LofredeRoelInTVeld_161209.pdf,file,http://www.participedia.net/sites/default/files/case-files/760_304_FEST_LofredeRoelInTVeld_161209.pdf
1094,False,596491,760_305_Eindrapport_evaluatie_IAMB__def2.pdf,file,http://www.participedia.net/sites/default/files/case-files/760_305_Eindrapport_evaluatie_IAMB__def2.pdf
1083,True,,,image,ethiopia3.jpg
1083,False,,,image,ethiopia1.jpg
1083,False,,,image,ethiopia2.jpg
964,True,,,image,e-democracia_0.jpg
1045,True,,,image,parlamento.jpg
1196,True,,,image,Dulverton.jpg
1190,True,,,image,Crosssroads%20daycare%20Norfolk.jpg
1191,True,,,image,every1counts.jpg
1143,True,,,image,queensland.jpg
1130,True,,,image,information1.jpg
1130,False,87552,98_265_Baviskar.2010___Right_to_Information_in_India.doc,file,http://www.participedia.net/sites/default/files/case-files/98_265_Baviskar.2010___Right_to_Information_in_India.doc
1130,False,96768,98_303_NCPRI___Citizen_Primer_to_the_RtI_Act_2005.doc,file,http://www.participedia.net/sites/default/files/case-files/98_303_NCPRI___Citizen_Primer_to_the_RtI_Act_2005.doc
1130,False,147283,98_304_Gov_of_India___Guide_to_RTI_2005pdf.pdf,file,http://www.participedia.net/sites/default/files/case-files/98_304_Gov_of_India___Guide_to_RTI_2005pdf.pdf
1130,False,219849,98_305_RAAG_and_NCPRI.2008___Safeguarding_the_Right_to_Information._Interim_Report.pdf,file,http://www.participedia.net/sites/default/files/case-files/98_305_RAAG_and_NCPRI.2008___Safeguarding_the_Right_to_Information._Interim_Report.pdf
1255,True,,,image,250px-Torranceca.jpg
1120,True,,,image,housing.jpg
1128,True,,,image,olanet.jpg
1115,True,,,image,rosario.jpg
1115,False,,,image,index.php2__2.jpg
1115,False,,,image,index.php3__0.jpg
1115,False,,,image,index.php4__0.jpg
1115,False,,,image,index.php5_.jpg
1115,False,,,image,index.php6_.jpg
1115,False,77824,796_265_citizenship_by_practicing_democracy.doc,file,http://www.participedia.net/sites/default/files/case-files/796_265_citizenship_by_practicing_democracy.doc
1115,False,105472,796_303_J_Lerner__research.doc,file,http://www.participedia.net/sites/default/files/case-files/796_303_J_Lerner__research.doc
1115,False,1024146,796_305_Training_Mod_Rosario_Ingl.pdf,file,http://www.participedia.net/sites/default/files/case-files/796_305_Training_Mod_Rosario_Ingl.pdf
1170,True,,,image,index.jpg
1170,False,367000,93_265_lias_pamatzinojums_eng.pdf,file,http://www.participedia.net/sites/default/files/case-files/93_265_lias_pamatzinojums_eng.pdf
1170,False,2087424,93_303_ROBERTS_KILIS.ppt,file,http://www.participedia.net/sites/default/files/case-files/93_303_ROBERTS_KILIS.ppt
1172,True,,,image,moldovan1.jpg
1172,False,,,image,index_0.jpg
1172,False,630263,475_265_Nr_adev_2010_ian_1_61_Internet.pdf,file,http://www.participedia.net/sites/default/files/case-files/475_265_Nr_adev_2010_ian_1_61_Internet.pdf
1174,True,,,image,exchange1.jpg
1208,True,,,image,miltonkeynes.jpg
1211,True,,,image,st%20anns.jpg
1212,True,,,image,berk.jpg
1213,True,,,image,tameside.jpg
1214,True,,,image,acorns.jpg
1215,True,,,image,scar.jpg
1216,True,,,image,eich.jpg
1217,True,,,image,section.jpg
1219,True,,,image,your.jpg
1221,True,,,image,parr.jpg
1222,True,,,image,morec.jpg
1223,True,,,image,Salford.png
1223,False,33280,Salford PB Pilot proposal item7-1.doc,file,http://www.participedia.net/sites/default/files/case-files/Salford%20PB%20Pilot%20proposal%20item7-1.doc
1223,False,75991,Salford community committees and budget participation.pdf,file,http://www.participedia.net/sites/default/files/case-files/Salford%20community%20committees%20and%20budget%20participation.pdf
1224,True,,,image,Coedpoeth-report-small.jpg
1224,False,273420,PB from a practitioner perspective report Final.pdf,file,http://www.participedia.net/sites/default/files/case-files/PB%20from%20a%20practitioner%20perspective%20report%20Final.pdf
1225,True,,,image,Buckingshire%20CC%20school-pupils-200.jpg
1227,True,,,image,kei.jpg
1227,False,165888,Draft report on Keighley Pilot 10th september version.doc,file,http://www.participedia.net/sites/default/files/case-files/Draft%20report%20on%20Keighley%20Pilot%2010th%20september%20version.doc
1229,True,,,image,Harrow.jpg
1233,True,,,image,index.php__1.jpg
1233,False,1313103,537_265_eGov_2009.pdf,file,http://www.participedia.net/sites/default/files/case-files/537_265_eGov_2009.pdf
1233,False,11178496,537_303_e_people_presentation.ppt,file,http://www.participedia.net/sites/default/files/case-files/537_303_e_people_presentation.ppt
1233,False,3362942,537_304_537_303_e_people_presentation.pdf,file,http://www.participedia.net/sites/default/files/case-files/537_304_537_303_e_people_presentation.pdf
1240,True,,,image,index.php__3.jpg
1240,False,4977446,647_265_647_265_Community_Building.pptx,file,http://www.participedia.net/sites/default/files/case-files/647_265_647_265_Community_Building.pptx
1240,False,328190,647_303_edemnfbrochure.pdf,file,http://www.participedia.net/sites/default/files/case-files/647_303_edemnfbrochure.pdf
1240,False,90825,647_304_poster_nfgeneral.pdf,file,http://www.participedia.net/sites/default/files/case-files/647_304_poster_nfgeneral.pdf
1240,False,5070471,647_305_647_305_CliftLocalMatters.pptx,file,http://www.participedia.net/sites/default/files/case-files/647_305_647_305_CliftLocalMatters.pptx
1259,False,137216,329_265_Final_Summary_Report_March_31.doc,file,http://www.participedia.net/sites/default/files/case-files/329_265_Final_Summary_Report_March_31.doc
1259,False,45056,329_303_Shauna_Sylvester__RMP_Responses_to_additional_questions.doc,file,http://www.participedia.net/sites/default/files/case-files/329_303_Shauna_Sylvester__RMP_Responses_to_additional_questions.doc
1261,True,,,image,index.php__12.jpg
1261,False,2707736,492_265_Social_Networking_on_Climate_Change_after_review__camera_ready_.pdf,file,http://www.participedia.net/sites/default/files/case-files/492_265_Social_Networking_on_Climate_Change_after_review__camera_ready_.pdf
1263,False,,,image,277_304_people2.jpg
1263,False,,,image,277_305_kids.jpg
1263,False,,,image,index.php__13.jpg
1263,False,,,image,index.php2__3.jpg
1263,False,,,image,index.php3__1.jpg
1263,False,,,image,index.php4__1.jpg
1263,False,236466,277_265_Case_Study_La_Plata.pdf,file,http://www.participedia.net/sites/default/files/case-files/277_265_Case_Study_La_Plata.pdf
1265,True,,,image,index.php__14.jpg
1265,False,521563,487_265_Presentacion_Premios_Participa_CPO__Modo_de_compatibilidad_.pdf,file,http://www.participedia.net/sites/default/files/case-files/487_265_Presentacion_Premios_Participa_CPO__Modo_de_compatibilidad_.pdf
1268,False,,,image,index.php__15.jpg
1863,True,,,image,class%20photo.jpg
1863,False,,,image,PECCA%20Day%202%20-%2017.jpg
1863,False,,,image,councillors%20roundtable_0.jpg
1863,False,,,image,PECCA%20Day%202%20-%2031.jpg
1863,False,,,image,PECCA%20Day%203%20-%2001.jpg
1351,False,456352,1320_265_SCRC_Kuna_Story.pdf,file,http://www.participedia.net/sites/default/files/case-files/1320_265_SCRC_Kuna_Story.pdf
1351,False,58368,1320_303_What_Kuna_High_School_Graduates_Should_Know_and_Be_Able_to_Do__Discussion_Questions.doc,file,http://www.participedia.net/sites/default/files/case-files/1320_303_What_Kuna_High_School_Graduates_Should_Know_and_Be_Able_to_Do__Discussion_Questions.doc
1351,False,25600,1320_304_School_Board_President_Touts_Advantages_of_Study_Cicrles.doc,file,http://www.participedia.net/sites/default/files/case-files/1320_304_School_Board_President_Touts_Advantages_of_Study_Cicrles.doc
1351,False,95256,1320_305_Visio_Groups_and_contacts.vsd_.pdf,file,http://www.participedia.net/sites/default/files/case-files/1320_305_Visio_Groups_and_contacts.vsd_.pdf
1351,False,1654757,1320_387_4.09Budget_Discussion_Presentation.pdf,file,http://www.participedia.net/sites/default/files/case-files/1320_387_4.09Budget_Discussion_Presentation.pdf
1354,False,,,image,index.php__23.jpg
1403,True,,,image,ba_venezuela00_socia01.jpg
1449,True,,,image,amir2.jpg
1431,True,,,image,unop01.jpg
1431,False,51546,VD. Unified New Orleans Plan.pdf,file,http://www.participedia.net/sites/default/files/case-files/VD.%20Unified%20New%20Orleans%20Plan.pdf
2453,True,,,image,Icelands-parliament-the-a-007.jpg
2453,False,,,image,Constitutional_Diagram.jpg
2444,True,,,image,Recife%20Brazil.jpg
2444,False,,,image,index.php__22.jpg
2444,False,,,image,index.php2__8.jpg
2444,False,,,image,index.php3__5.jpg
2444,False,,,image,index.php4__4.jpg
2444,False,57271,VD. Recife Participatory Budget.pdf,file,http://www.participedia.net/sites/default/files/case-files/VD.%20Recife%20Participatory%20Budget.pdf
2444,False,235520,1324_265_Social_Accountability.doc,file,http://www.participedia.net/sites/default/files/case-files/1324_265_Social_Accountability.doc
2444,False,241667,1324_303_Case_Study_Recife.pdf,file,http://www.participedia.net/sites/default/files/case-files/1324_303_Case_Study_Recife.pdf
4196,True,,Democracy In Practice Logo,image,New%20Logo%20Update_0.png
2218,True,,,image,eustar.jpg
2843,True,,,image,Logo_G1000_Wit.jpg
2315,True,,,image,KerialaIndia.png
2315,False,49148,VD. People's Planning Campaign.pdf,file,http://www.participedia.net/sites/default/files/case-files/VD.%20People%27s%20Planning%20Campaign.pdf
2360,True,,,image,USACE_Tillamook_Bay_Oregon.jpg
3079,True,,,image,250px-Kobe_montage1.jpg
2618,True,,AskThem.io,image,AskThem_logo.png
2618,False,70098,AskThem_one_pager.pdf,file,http://www.participedia.net/sites/default/files/case-files/AskThem_one_pager.pdf
3193,True,,,image,senate-meeting.jpeg
2892,True,,,image,screenshot.jpg
2697,True,,,image,cali.png
2635,True,,,image,Screen%20Shot%202014-04-26%20at%2011.35.55%20AM.png
2842,True,,,image,Motiemarkt%20Enschede.jpg
2841,True,,,image,logo_header2.png
4247,False,526087,democracia_participacao_popular.pdf,file,http://www.participedia.net/sites/default/files/case-files/democracia_participacao_popular.pdf
4240,True,,,image,COV-logo.png
4230,True,,,image,Participatory%20Budgeting%20in%20Vallejo3.png
4133,False,397995,28171_15_02_Abolfazli_Alemi.pdf,file,http://www.participedia.net/sites/default/files/case-files/28171_15_02_Abolfazli_Alemi.pdf
4228,False,1882957,Key Media Items-Grandview-Woodland Citizens' Assembly.pdf,file,http://www.participedia.net/sites/default/files/case-files/Key%20Media%20Items-Grandview-Woodland%20Citizens%27%20Assembly.pdf
4160,True,,ePetitionen des deutschen Bundestages,image,screenshot.png
4162,False,681490,Analysis of Citizen Participation in Dortmund Noise Action Plan (German).pdf,file,http://www.participedia.net/sites/default/files/case-files/Analysis%20of%20Citizen%20Participation%20in%20Dortmund%20Noise%20Action%20Plan%20%28German%29.pdf
4166,False,,,image,Verlauf_Initiativen_0.jpg
4166,False,,,image,Entscheidung_ueber_initiativen_1.jpg
4176,True,,,image,Youth%20Lead%20the%20Change1.jpg
4177,True,,,image,1150378_679400012105905_572441092_n.png
4177,False,,,image,Group%20photo%201%20edit.jpg
4221,True,,,image,7447116134_dce361a1fe_b.jpg
4225,True,,,image,Electronic%20Participatory%20Budgeting%20in%20Iceland.jpg
4225,False,,,image,Screen%20shot%202015-06-27%20at%2011.44.54%20PM_0.png
4287,True,,,image,Logo%20Prodep.jpg
4288,True,,,image,Logo%20Prodep_0.jpg
4292,True,,,image,Strategic-Plan-Workshop-2-480x249_0.jpg
4292,False,,,image,kadikoy-planning-its-future-with-young-people_h21026.jpg
4292,False,,,image,kadikoy-planning-its-future-with-young-people-6249703_5273_o.jpg
4295,True,,cycling-workshop-municipality-of-kadikoy,image,image.png
4295,False,,,image,tak%20biiskelt%20harita.jpg
4295,False,,,image,tak%20bisiklet.jpg
4295,False,,,image,tak%20bisikletli%20ula%C5%9F%C4%B1m%20%C3%A7al%C4%B1%C5%9Ftay%C4%B1.jpg
4295,False,15441,Attachment I - Group Work Results of the Bikeway Workshop,file,http://www.participedia.net/sites/default/files/case-files/Group%20Work%20Results%20of%20the%20Bikeway%20Workshop%20for%20Kad%C4%B1k%C3%B6y.docx
4303,True,,,image,participedia-kadikoy-gender-1.JPG
4303,False,,,image,participedia-kadikoy-gender-2.JPG
4303,False,,,image,participedia-kadikoy-gender-3.JPG
4517,True,,,image,1400544_365548520275842_1089907411861077940_o.jpg
4334,True,,deliberation in action,image,maxresdefault.jpg
4336,True,,Kadife Street Participatory Dialogue ,image,kadife-street-discussion.jpeg
4336,False,,,image,kadife-street.Jpeg
4336,False,,,image,kadife-street-discussion-1.jpg
4504,True,,,image,57877bb04c1e8.jpg
4353,False,,,image,cats%26dogs%20pic.jpg
4353,False,1937411,This presentation was developed by democracyCo to explain why this Jury was so successful.,file,http://www.participedia.net/sites/default/files/case-files/Why%20was%20the%20Dog%20and%20Cat%20Citizens%27%20JUry%20successful.pdf
4366,True,,,image,stockyard-pt-563x375.jpg
4368,True,,,image,images2.jpg
4389,True,,U-Report Uganda,image,Screen%20Shot%202016-02-29%20at%2012.55.52%20PM.png
4389,False,,,image,Screen%20Shot%202016-02-29%20at%2012.58.28%20PM.png
4389,False,,,image,Screen%20Shot%202016-02-29%20at%201.00.36%20PM_0.png
4383,True,,,image,jefferson_center.jpg
4387,True,,,image,Marrickville.JPG
4391,True,,Noosa organic waste jury workshop 1,image,Noosa_Community_Jury_Workshop_1_Wayne_Schafer_0.jpg
4402,True,,,image,130619092303-brazil-protests-horizontal-gallery.jpg
4409,True,,,image,obesity.jpg
4409,False,,,image,obseity%202.jpg
4410,True,,,image,DRM_protest_Boston_DefectiveByDesign.jpg
4429,False,2895305,FremBridgeRpt_2008.pdf,file,http://www.participedia.net/sites/default/files/case-files/FremBridgeRpt_2008.pdf
4496,True,,Conference of Big Ideas,image,hepburn.jpg
4458,True,,Dogs on Inverloch Beach,image,Dogs.jpg
4466,True,,Protecting the Snowies,image,Protecting%20the%20Snowies.jpg
4469,True,,ZOOM,image,EXHI021731.jpg
4473,True,,,image,waste.png
4481,True,,,image,meeting7.jpg
4489,True,,,image,part%203.jpg
4498,True,,Campaspe: our future,image,campaspe.jpg
4505,True,,Public secondary education,image,com%20con.jpg
4505,False,,,image,Public%20education.png
4514,True,,,image,pXqsv5WI.jpeg
4512,True,,,image,Murthal-dhaba-Delhi-Chandigarh-highway-copy.jpg
4509,True,,,image,BAP-Naseema_01.jpg
4524,True,,,image,13686679_544594709071675_6922927560432828080_n.jpg
4538,True,,Cover of the inspiration manual on participation,image,InspiratieboekParticipatieOmslag2014-12-09.jpg
4554,False,101781,Glenunga_Community_Hub_Background_Information (1).pdf,file,http://www.participedia.net/sites/default/files/case-files/Glenunga_Community_Hub_Background_Information%20%281%29.pdf
4558,True,,Jury Day 1,image,160625_JURY1_DAY1_187.jpg
4558,False,,,image,Citizens%27%20Jury%20Infographic.png
