address1,address2,city,country,id,latitude,longitude,name,postal_code,province
,,,Canada,1,"0° 0' 0"" N","0° 0' 0"" E",,,British Columbia
,,Minneapolis,United States,2,"0° 0' 0"" N","0° 0' 0"" E",,,Minnesota
,,Wenling City,China,3,"0° 0' 0"" N","0° 0' 0"" E",,,Zhejiang
,,,Germany,4,"0° 0' 0"" N","0° 0' 0"" E",,,
,,Vancouver,Canada,5,"0° 0' 0"" N","0° 0' 0"" E",,,British Columbia
,," San Diego, Riverside, Los Angeles, San Luis Obispo, Fresno, Oakland, Sacramento, Humboldt County",United States,6,"0° 0' 0"" N","0° 0' 0"" E",,,California
,,Clark County,United States,7,"0° 0' 0"" N","0° 0' 0"" E",,,Washington
,,,United States,8,"38° 53' 42.4032"" N","77° 2' 10.9176"" W",,,Washington
,,Philadelphia,United States,9,"0° 0' 0"" N","0° 0' 0"" E",,,Pennsylvania
,,Daly,United States,10,"0° 0' 0"" N","0° 0' 0"" E",,,California
,,Brea,United States,11,"33° 55' 0.0516"" N","117° 54' 0.216"" W",,,California
,,Berlin,Germany,12,"52° 31' 9.0156"" N","13° 24' 21.9276"" E",,,
,,Portsmouth,United States,13,"43° 4' 18.318"" N","70° 45' 45.1908"" W",,,New Hampshire
,,Visakhapatnam,India,14,"17° 42' 53.9892"" N","83° 18' 40.2876"" E",,,Andhra Pradesh
,,,Brazil,15,"14° 14' 6.0144"" S","51° 55' 31.008"" W",,,
,,,Bangladesh,16,"23° 41' 5.9784"" N","90° 21' 22.7916"" E",,,
,,,Canada,17,"56° 7' 49.3176"" N","106° 20' 48.3756"" W",,,
,,Fernald,United States,18,"39° 16' 32.2032"" N","84° 41' 22.812"" W",,,Ohio
,,Boston,United States,19,"42° 21' 30.3516"" N","71° 3' 35.1828"" W",,,Massachusetts
,,Copenhagan,Denmark,20,"55° 42' 4.1256"" N","12° 35' 45.2796"" E",,,Copenhagen (municipality)
,,Washington,United States,21,"38° 53' 42.4032"" N","77° 2' 10.9176"" W",,,District Of Columbia
,,Frankfort,United States,22,"38° 12' 3.2616"" N","84° 52' 23.8224"" W",,,Kentucky
,,,Indonesia,23,"0° 0' 0"" N","0° 0' 0"" E",,,
,,,France,24,"0° 0' 0"" N","0° 0' 0"" E",,,
,,Rosario,Argentina,25,"32° 57' 2.6676"" S","60° 39' 59.4"" W",,,Santa Fe
,,London,United Kingdom,26,"51° 30' 36.0288"" N","0° 0' 22.23"" W",,E14 2BG,London
,,Canberra,Australia,27,"35° 16' 55.344"" S","149° 7' 42.888"" E",,,
,,Hamilton,Canada,28,"0° 0' 0"" N","0° 0' 0"" E",,,Ontario
,,Salford ,United Kingdom,29,"0° 0' 0"" N","0° 0' 0"" E",,,
,,,Germany,30,"0° 0' 0"" N","0° 0' 0"" E",,,
,,,,31,"0° 0' 0"" N","0° 0' 0"" E",,,
,,New Orleans,United States,32,"29° 57' 3.8376"" N","90° 4' 17.5152"" W",,,Louisiana
,,Seattle,United States,33,"47° 36' 22.356"" N","122° 19' 55.4556"" W",,,Washington
,,Seattle,United States,34,"47° 36' 22.356"" N","122° 19' 55.4556"" W",,,Washington
,,,India,35,"0° 0' 0"" N","0° 0' 0"" E",,,Kerala
,," San Diego, Riverside, Los Angeles, San Luis Obispo, Fresno, Oakland, Sacramento, Humboldt County",United States,36,"0° 0' 0"" N","0° 0' 0"" E",,,California
,,London,United Kingdom,37,"0° 0' 0"" N","0° 0' 0"" E",,,
,,Far North Queensland,Australia,38,"17° 0' 47.8656"" S","145° 42' 8.3736"" E",,,
,,Lansing,United States,39,"0° 0' 0"" N","0° 0' 0"" E",,,Michigan
,,Marousi,Greece,40,"38° 3' 7.6824"" N","23° 48' 18.6192"" E",,,
,,,United States,41,"0° 0' 0"" N","0° 0' 0"" E",,,
,,Perth,Australia,42,"31° 57' 19.44"" S","115° 51' 30.924"" E",,,
,,Chicago,United States,43,"0° 0' 0"" N","0° 0' 0"" E",,,Illinois
,,Porto Alegre,Brazil,44,"30° 1' 39.7344"" S","51° 13' 43.446"" W",,,
,,Seattle,United States,45,"47° 36' 22.356"" N","122° 19' 55.4556"" W",,,Washington
,,,Canada,46,"51° 15' 13.59"" N","85° 19' 23.5704"" W",,,Ontario
,,,United States,47,"0° 0' 0"" N","0° 0' 0"" E",,,
,,,Brazil,48,"20° 13' 35.2704"" S","46° 12' 46.404"" W",,,
,,Brussels,Belgium,49,"0° 0' 0"" N","0° 0' 0"" E",,,
,,Seattle,United States,50,"0° 0' 0"" N","0° 0' 0"" E",,,Washington
,,Iqaluit,Canada,51,"0° 0' 0"" N","0° 0' 0"" E",,,Nunavut
,,Santa Fe,United States,52,"35° 41' 13.11"" N","105° 56' 16.0764"" W",,,New Mexico
,,,United States,53,"0° 0' 0"" N","0° 0' 0"" E",,,Oregon
,,Edmonton,Canada,54,"53° 32' 36.8304"" N","113° 29' 25.6272"" W",,,Alberta
,,London,United Kingdom,55,"0° 0' 0"" N","0° 0' 0"" E",,,
,,Río Piedras,United States,56,"0° 0' 0"" N","0° 0' 0"" E",,,Puerto Rico
,,,France,57,"0° 0' 0"" N","0° 0' 0"" E",,,
,,San Francisco,United States,58,"37° 46' 29.748"" N","122° 25' 9.8976"" W",,,California
,,La Marsa,Tunisia,59,"0° 0' 0"" N","0° 0' 0"" E",,,
,,,Brazil,60,"0° 0' 0"" N","0° 0' 0"" E",,,
,,Chicago,United States,61,"41° 49' 56.5788"" N","87° 37' 35.9544"" W",,,Illinois
,,Reykjavík,Iceland,62,"64° 8' 7.2168"" N","21° 53' 42.756"" W",,,
,,New York,United States,63,"0° 0' 0"" N","0° 0' 0"" E",,,New York
,,San Mateo,United States,64,"0° 0' 0"" N","0° 0' 0"" E",,,California
,,Montreal,Canada,65,"0° 0' 0"" N","0° 0' 0"" E",,,Quebec
,,,Canada,66,"45° 25' 28.3008"" N","75° 41' 55.8492"" W",,,
,,London,United Kingdom,67,"0° 0' 0"" N","0° 0' 0"" E",,,
,,,,68,"0° 0' 0"" N","0° 0' 0"" E",,,
,,Brussels,Belgium,69,"50° 51' 1.224"" N","4° 21' 6.156"" E",,,
,,San Francisco,United States,70,"37° 46' 29.748"" N","122° 25' 9.8976"" W",,,California
,,Chicago,United States,71,"41° 52' 41.2104"" N","87° 37' 47.2728"" W",,,Illinois
,,Mississauga,Canada,72,"43° 35' 20.562"" N","79° 38' 38.832"" W",,,
,,,Bolivia,73,"18° 58' 44.4936"" S","65° 23' 26.25"" W",,,
,,,Indonesia,74,"0° 0' 0"" N","0° 0' 0"" E",,,
,,,United States,75,"0° 0' 0"" N","0° 0' 0"" E",,,
,,Prage,Czech Republic,76,"50° 5' 16.1196"" N","14° 25' 13.656"" E",,,
,,,United Kingdom,77,"0° 0' 0"" N","0° 0' 0"" E",,,
,,New Orleans,United States,78,"0° 0' 0"" N","0° 0' 0"" E",,,Louisiana
,,Durban,South Africa,79,"29° 51' 34.9236"" S","31° 0' 51.8544"" E",,,
,,Bradford,United Kingdom,80,"0° 0' 0"" N","0° 0' 0"" E",,,
,,,United States,81,"0° 0' 0"" N","0° 0' 0"" E",,,Kentucky
,,Basque region,Spain,82,"43° 3' 59.2776"" N","2° 29' 20.922"" W",,,
,,,Rwanda,83,"1° 56' 39.1452"" S","30° 2' 11.8356"" E",,,
,,Belfast,United Kingdom,84,"0° 0' 0"" N","0° 0' 0"" E",,,
,,"Belfast, Enniskillen, Ballymena, Armagh, Omagh, Derry/Londonderry, and Newry",United Kingdom,85,"0° 0' 0"" N","0° 0' 0"" E",,,
,,,Canada,86,"45° 24' 41.6592"" N","75° 41' 53.4984"" W",,,
,,Carrara,Italy,87,"0° 0' 0"" N","0° 0' 0"" E",,,
,,Recife,Brazil,88,"8° 3' 15.4008"" S","34° 52' 52.5216"" W",,,Pernambuco
,,Florence,Italy,89,"43° 46' 15.7188"" N","11° 14' 52.8036"" E",,,
,,,Italy,90,"0° 0' 0"" N","0° 0' 0"" E",,,
,,Estación Central,Chile,91,"0° 0' 0"" N","0° 0' 0"" E",,,
,,Santiago,Chile,92,"0° 0' 0"" N","0° 0' 0"" E",,,
,,Arezzo,Italy,93,"0° 0' 0"" N","0° 0' 0"" E",,,
,,Ulaanbaatar,Mongolia,94,"47° 55' 16.9608"" N","106° 54' 19.944"" E",,,
,,,Italy,95,"0° 0' 0"" N","0° 0' 0"" E",,,
,,Pistoia,Italy,96,"0° 0' 0"" N","0° 0' 0"" E",,,
,,San Marcello Pistoiese,Italy,97,"44° 3' 20.016"" N","10° 47' 34.2636"" E",,,
,,Rosario,Argentina,98,"0° 0' 0"" N","0° 0' 0"" E",,,
,,Grenoble,France,99,"45° 11' 18.7044"" N","5° 43' 28.2864"" E",,,
,,Reggio Emilia,Italy,100,"0° 0' 0"" N","0° 0' 0"" E",,,
,,Fivizzano,Italy,101,"44° 14' 21.8004"" N","10° 7' 37.3332"" E",,,
,,,Chile,102,"0° 0' 0"" N","0° 0' 0"" E",,,
,,Arezzo,Italy,103,"43° 28' 16.3236"" N","11° 51' 47.0232"" E",,,
,,Angers,France,104,"47° 28' 42.3084"" N","0° 33' 47.3976"" W",,,
,,Forte dei Marmi,Italy,105,"43° 57' 57.4668"" N","10° 10' 24.3984"" E",,,Lucca
,,Casamassima,Italy,106,"40° 57' 19.1088"" N","16° 55' 5.286"" E",,,Bari
,,Casentino,Italy,107,"0° 0' 0"" N","0° 0' 0"" E",,,Arezzo
,,Santiago,Chile,108,"33° 27' 0"" S","70° 32' 60"" W",,,
128 King William Street ,,Adelaide,Australia,109,"34° 55' 34.0536"" S","138° 36' 1.1952"" E",,5000,South Australia
,,Santiago,Chile,110,"33° 26' 30.5556"" S","70° 40' 47.4276"" W",,,
,,,Canada,111,"0° 0' 0"" N","0° 0' 0"" E",,,Ontario
,,Montale,Italy,112,"0° 0' 0"" N","0° 0' 0"" E",,,
,,Ponte Buggianese,Italy,113,"0° 0' 0"" N","0° 0' 0"" E",,,Pistoia
,,Livorno,Italy,114,"43° 33' 6.7536"" N","10° 18' 28.8396"" E",,,
,,Rome,Italy,115,"0° 0' 0"" N","0° 0' 0"" E",,,
,,,Italy,116,"44° 42' 48.8232"" N","10° 37' 55.2684"" E",,,Reggio Emilia
,,Washington,United States,117,"0° 0' 0"" N","0° 0' 0"" E",,,District Of Columbia
,,Venice,Italy,118,"45° 26' 27.0492"" N","12° 18' 55.854"" E",,,
,,Scansano,Italy,119,"0° 0' 0"" N","0° 0' 0"" E",,,Grosseto
,,Colle di Val d&#039;Elsa,Italy,120,"43° 25' 8.4504"" N","11° 7' 54.8292"" E",,,
,,Zola Predosa,Italy,121,"0° 0' 0"" N","0° 0' 0"" E",,,Bologna
,,Buonconvento,Italy,122,"43° 8' 9.3912"" N","11° 28' 59.8368"" E",,,
,,Bologna,Italy,123,"44° 29' 39.084"" N","11° 20' 47.4684"" E",,,
,,,Germany,124,"0° 0' 0"" N","0° 0' 0"" E",,,
,,Figline Valdarno,Italy,125,"43° 37' 14.3328"" N","11° 28' 13.134"" E",,,
,,,United States,126,"0° 0' 0"" N","0° 0' 0"" E",,,
,,,United States,127,"0° 0' 0"" N","0° 0' 0"" E",,,Colorado
,,Uniontown,United States,128,"0° 0' 0"" N","0° 0' 0"" E",,,Alabama
,,Bologna,Italy,129,"44° 29' 41.5932"" N","11° 20' 33.4176"" E",,,
,,"Luagardalshöll, Reykjavik",Iceland,130,"64° 8' 24.666"" N","21° 52' 36.1956"" W",,,
,,Reykjavik,Iceland,131,"64° 8' 7.2168"" N","21° 53' 42.756"" W",,,
,,Arezzo,Italy,132,"43° 28' 16.3236"" N","11° 51' 47.0232"" E",,,
,,San Cassiano (Lecce),Italy,133,"40° 3' 23.076"" N","18° 20' 11.5548"" E",,,
,,Madrid,Spain,134,"0° 0' 0"" N","0° 0' 0"" E",,,Madrid
&quot;The Ring&quot; Highway,,Antwerp,Belgium,135,"51° 13' 9.1776"" N","4° 24' 10.3752"" E",,,
,,Uzzano,Italy,136,"0° 0' 0"" N","0° 0' 0"" E",,,
,,Kavaja,Albania,137,"41° 10' 59.9988"" N","19° 34' 0.0012"" E",,,
,,Piombino,Italy,138,"42° 55' 33.0636"" N","10° 31' 31.5552"" E",,,
,,Reggio Emilia,Italy,139,"44° 41' 46.428"" N","10° 37' 40.0584"" E",,,
,,Florence,Italy,140,"0° 0' 0"" N","0° 0' 0"" E",,,
,,Mazara del Vallo,Italy,141,"0° 0' 0"" N","0° 0' 0"" E",,,
,,Reggio Emilia,Italy,142,"44° 41' 46.428"" N","10° 37' 40.0584"" E",,,
,,,Italy,143,"43° 33' 55.7244"" N","10° 19' 15.3516"" E",,,Livorno
,,Amiata Grossetano,Italy,144,"0° 0' 0"" N","0° 0' 0"" E",,,
,,Port Hedland,Australia,145,"0° 0' 0"" N","0° 0' 0"" E",,6721,Western Australia
,,New York,United States,146,"0° 0' 0"" N","0° 0' 0"" E",,,New York
,,Brussels,Belgium,147,"50° 51' 1.224"" N","4° 21' 6.156"" E",,,
,,,United States,148,"0° 0' 0"" N","0° 0' 0"" E",,,Washington
16 E. 16th St.<br />6th floor,6th floor,New York,United States,149,"40° 44' 12.8472"" N","73° 59' 30.0696"" W",,10003,New York
,,Atibaia,Brazil,150,"0° 0' 0"" N","0° 0' 0"" E",,,São Paulo
,,Chicago,United States,151,"41° 52' 41.2104"" N","87° 37' 47.2728"" W",,,Illinois
,,,France,152,"0° 0' 0"" N","0° 0' 0"" E",,,
via Principessa Jolanda,,Galatina,Italy,153,"40° 10' 25.7412"" N","18° 10' 2.496"" E",,73013,Lecce
,,Amherst,United States,154,"42° 22' 0.0012"" N","72° 31' 0.0012"" W",,,Massachusetts
,,Torrance,United States,155,"33° 50' 9.0564"" N","118° 20' 26.2644"" W",,,California
,,North Brunswick,United States,156,"0° 0' 0"" N","0° 0' 0"" E",,,New Jersey
,,Albuquerque,United States,157,"35° 5' 4.1676"" N","106° 39' 4.0932"" W",,,New Mexico
700 14th Street,,Denver,United States,158,"39° 44' 33.9252"" N","104° 59' 38.4072"" W",,80202,Colorado
,,San Francisco - Bay Area,United States,159,"37° 46' 29.748"" N","122° 25' 9.8976"" W",,,California
,,Syracuse,United States,160,"43° 2' 53.2392"" N","76° 8' 50.7264"" W",,,New York
,,San Antonio,Chile,161,"33° 35' 1.1292"" S","71° 36' 47.034"" W",,,
,,,Russia,162,"0° 0' 0"" N","0° 0' 0"" E",,,
,,,United States,163,"0° 0' 0"" N","0° 0' 0"" E",,,
,,,United States,164,"0° 0' 0"" N","0° 0' 0"" E",,,
,,,South Africa,165,"0° 0' 0"" N","0° 0' 0"" E",,,
,,San Pedro Garza García,Mexico,166,"25° 39' 26.442"" N","100° 24' 6.3"" W",,,
<br />Colonia Las Brisas,Colonia Las Brisas,Monterrey,Mexico,167,"25° 40' 23.5596"" N","100° 18' 33.1236"" W",,,
,,Barcelona,Spain,168,"41° 23' 16.5012"" N","2° 10' 11.7084"" E",,,Barcelona
,,Chicago,United States,169,"41° 52' 41.2104"" N","87° 37' 47.2728"" W",,,Illinois
,,Omagh,Ireland,170,"0° 0' 0"" N","0° 0' 0"" E",,,
,,Pittsburgh,United States,171,"0° 0' 0"" N","0° 0' 0"" E",,,Pennsylvania
,,Kobe,Japan,172,"34° 41' 24.2988"" N","135° 11' 43.8396"" E",,,Hyogo
,,Trenton,United States,173,"40° 13' 1.3908"" N","74° 44' 34.5768"" W",,,New Jersey
,,Rafaela,Argentina,174,"0° 0' 0"" N","0° 0' 0"" E",,,Santa Fe
,,,United States,175,"0° 0' 0"" N","0° 0' 0"" E",,,Hawaii
Piazza Morgagni 9<br />Ufficio Risorse Idriche della provincia di Forlì e Cesena,Ufficio Risorse Idriche della provincia di Forlì e Cesena,Forlì,Italy,176,"44° 13' 12.666"" N","12° 2' 30.0048"" E",,47100,Forlì-Cesena
,,New York,United States,177,"0° 0' 0"" N","0° 0' 0"" E",,,New York
,,,United States,178,"0° 0' 0"" N","0° 0' 0"" E",,,
,,Washington,United States,179,"38° 53' 42.4032"" N","77° 2' 10.9176"" W",,,District Of Columbia
,,Villa El Salvador,Peru,180,"12° 12' 17.8992"" S","76° 57' 10.0224"" W",,,Lima
,,Auckland,New Zealand,181,"0° 0' 0"" N","0° 0' 0"" E",,,
,,,Argentina,182,"0° 0' 0"" N","0° 0' 0"" E",,,
,,La Plata,Argentina,183,"34° 55' 16.5"" S","57° 57' 15.5988"" W",,,
,,Bethany,United States,184,"45° 33' 28.4184"" N","122° 52' 3.3672"" W",,,Oregon
,,Brussels,Belgium,185,"50° 51' 1.224"" N","4° 21' 6.156"" E",,,Brussels
,,,Morocco,186,"31° 30' 51.2316"" N","9° 46' 18.0768"" W",,,Essaouira
,,Philadelphia,United States,187,"39° 57' 8.406"" N","75° 9' 49.6404"" W",,,Pennsylvania
,,,Spain,188,"0° 0' 0"" N","0° 0' 0"" E",,,
,,Freiburg,Germany,189,"47° 59' 56.4288"" N","7° 50' 31.5744"" E",,,
,,,Colombia,190,"0° 0' 0"" N","0° 0' 0"" E",,,
,,Santa Cruz,Cape Verde,191,"15° 7' 59.2644"" N","23° 33' 28.692"" W",,,
,,Santiago,Chile,192,"33° 28' 8.832"" S","70° 38' 31.1892"" W",,,
,,Medellín,Colombia,193,"6° 14' 9.33"" N","75° 34' 30.4932"" W",,,
,,Rafaela,Argentina,194,"31° 15' 9.3528"" S","61° 29' 29.9112"" W",,,
,,,Italy,195,"0° 0' 0"" N","0° 0' 0"" E",,,
,,New York City,United States,196,"40° 42' 51.6708"" N","74° 0' 21.5028"" W",,,New York
,,Ipatinga,Brazil,197,"19° 28' 5.394"" S","42° 32' 13.5672"" W",,,
,,Genova,Italy,198,"0° 0' 0"" N","0° 0' 0"" E",,,Genova
,,Buenos Aires,Argentina,199,"34° 36' 13.4028"" S","58° 22' 53.7348"" W",,,
,,,Brazil,200,"0° 0' 0"" N","0° 0' 0"" E",,,Ceara
,,Bologna,Italy,201,"44° 29' 39.084"" N","11° 20' 47.4684"" E",,,Bologna
,,Utrecht,Netherlands,202,"0° 0' 0"" N","0° 0' 0"" E",,,
,,,Chile,203,"0° 0' 0"" N","0° 0' 0"" E",,,
,,Illapel,Chile,204,"31° 37' 50.88"" S","71° 9' 55.08"" W",,,
,,,,205,"0° 0' 0"" N","0° 0' 0"" E",,,
,,,Uruguay,206,"0° 0' 0"" N","0° 0' 0"" E",,,
,,Bucharest,Romania,207,"0° 0' 0"" N","0° 0' 0"" E",,,
750 Hornby Street,,Vancouver,Canada,208,"49° 16' 59.4804"" N","123° 7' 15.366"" W",,V6Z 2H7,
,,,,209,"0° 0' 0"" N","0° 0' 0"" E",,,
,,,Indonesia,210,"0° 0' 0"" N","0° 0' 0"" E",,,
,,,,211,"0° 0' 0"" N","0° 0' 0"" E",,,
,,,Japan,212,"0° 0' 0"" N","0° 0' 0"" E",,,
,,Montevideo,Uruguay,213,"34° 53' 0.9996"" S","56° 10' 54.9984"" W",,,
,,Ponte Buggianese,Italy,214,"43° 50' 38.1336"" N","10° 44' 55.6008"" E",,,Pistoia
200 Commercial Street SE,,Salem,United States,215,"44° 56' 19.7916"" N","123° 2' 26.34"" W",,97301,Oregon
,,Reggio Emilio,Italy,216,"44° 36' 50.076"" N","10° 13' 38.8704"" E",,,
,,Casamassima,Italy,217,"40° 57' 19.1088"" N","16° 55' 5.286"" E",,,Bari
,,Forte dei Marmi,Italy,218,"43° 57' 57.4668"" N","10° 10' 24.3984"" E",,,Lucca
,,,Italy,219,"0° 0' 0"" N","0° 0' 0"" E",,,
Piazza Morgagni 9<br />Ufficio Risorse Idriche della provincia di Forlì e Cesena,Ufficio Risorse Idriche della provincia di Forlì e Cesena,Forli,Italy,220,"44° 13' 12.666"" N","12° 2' 30.0048"" E",,47100,Forlì-Cesena
,,,Australia,221,"0° 0' 0"" N","0° 0' 0"" E",,,
,,,,222,"0° 0' 0"" N","0° 0' 0"" E",,,
,,Lac-Mégantic,Canada,223,"0° 0' 0"" N","0° 0' 0"" E",,,Quebec
,,Bologna,Italy,224,"44° 29' 39.084"" N","11° 20' 47.4684"" E",,,Bologna
200 Commercial Street SE,,Salem,United States,225,"44° 56' 19.7916"" N","123° 2' 26.34"" W",,97301,Oregon
,,Angers,France,226,"47° 28' 42.3084"" N","0° 33' 47.3976"" W",,,
,,,United Kingdom,227,"0° 0' 0"" N","0° 0' 0"" E",,,
,,,United States,228,"0° 0' 0"" N","0° 0' 0"" E",,,New Mexico
,,Black Rock City,United States,229,"40° 47' 19.122"" N","119° 12' 10.8648"" W",,,Nevada
,,,Canada,230,"0° 0' 0"" N","0° 0' 0"" E",,,
Ismaninger Straße 22,,München,Germany,231,"48° 8' 12.2712"" N","11° 35' 53.8044"" E",,81675,Bayern
,,Boston,United States,232,"42° 21' 30.3516"" N","71° 3' 35.1828"" W",,,Massachusetts
,,Montreal,Canada,233,"45° 30' 31.212"" N","73° 33' 14.3748"" W",,,Quebec
,,,Canada,234,"0° 0' 0"" N","0° 0' 0"" E",,,
1000 Depalma Dr,,Cobourg,Canada,235,"43° 58' 36.2568"" N","78° 11' 56.022"" W",,ON K9A 5W6,Ontario
"100 des Aboiteaux Street, Suite 2200",,Moncton,Canada,236,"46° 6' 29.646"" N","64° 47' 34.3716"" W",,E1A 7R1,New Brunswick
,,Seoul,South Korea,237,"37° 33' 59.526"" N","126° 58' 40.6884"" E",,,Seoul Special City
,,,Italy,238,"0° 0' 0"" N","0° 0' 0"" E",,,
4 Epping Street,,Raymond,United States,239,"0° 0' 0"" N","0° 0' 0"" E",,03077,New Hampshire
,,Jarabacoa,Dominican Republic,240,"0° 0' 0"" N","0° 0' 0"" E",,,
,,,Canada,241,"49° 13' 34.1112"" N","123° 6' 58.0176"" W",,,
,,,,242,"0° 0' 0"" N","0° 0' 0"" E",,,
,,,Japan,243,"0° 0' 0"" N","0° 0' 0"" E",,,Kagosima (Kagoshima)
,,,,244,"0° 0' 0"" N","0° 0' 0"" E",,,
,,Prince George&#039;s,United States,245,"38° 47' 5.7156"" N","76° 52' 19.5456"" W",,,Maryland
,,Monheim am Rhein,Germany,246,"51° 5' 21.0336"" N","6° 53' 40.47"" E",,,Nordrhein-Westfalen
,,,United States,247,"0° 0' 0"" N","0° 0' 0"" E",,,California
200 Commercial Street SE,,Salem,United States,248,"0° 0' 0"" N","0° 0' 0"" E",,97301,Oregon
,,New York,United States,249,"0° 0' 0"" N","0° 0' 0"" E",,,New York
,,Syndey,Australia,250,"0° 0' 0"" N","0° 0' 0"" E",,,New South Wales
"700 Summer St NE, Suite 320",,Salem,United States,251,"44° 56' 41.7084"" N","123° 1' 36.0084"" W",,97301-1287,Oregon
,,Iqaluit,Canada,252,"0° 0' 0"" N","0° 0' 0"" E",,,Nunavut
,,Berlin,Germany,253,"0° 0' 0"" N","0° 0' 0"" E",,,
,,Porto Alegre,Brazil,254,"0° 0' 0"" N","0° 0' 0"" E",,,
,,Tokyo,Japan,255,"0° 0' 0"" N","0° 0' 0"" E",,,
71 Adam Street,,Belleville ,Canada,256,"44° 11' 27.636"" N","77° 22' 56.3916"" W",,K8N 5K3,Ontario
,,,United States,257,"0° 0' 0"" N","0° 0' 0"" E",,,New Mexico
,,,Canada,258,"0° 0' 0"" N","0° 0' 0"" E",,,
,,,Canada,259,"0° 0' 0"" N","0° 0' 0"" E",,,
,,,Canada,260,"0° 0' 0"" N","0° 0' 0"" E",,,
,,,Canada,261,"0° 0' 0"" N","0° 0' 0"" E",,,
,,,United States,262,"0° 0' 0"" N","0° 0' 0"" E",,,
,,Belo Horizonte,Brazil,263,"19° 55' 8.6448"" S","43° 56' 18.87"" W",,,
,,"Norh County: Berlin, Mt. Washington Valley: Conway, Seacost: Portsmouth, Merrimack Valley: Manchester, Lake Sunapee Region: West Lebanon, Monadnock Region: Keene, Lakes Region: Laconia",United States,264,"0° 0' 0"" N","0° 0' 0"" E",,,New Hampshire
,,,United States,265,"0° 0' 0"" N","0° 0' 0"" E",,,New Hampshire
,,,,266,"0° 0' 0"" N","0° 0' 0"" E",,,
,,,Canada,267,"0° 0' 0"" N","0° 0' 0"" E",,,
,,Sydney and Tamworth,Australia,268,"33° 55' 42.3912"" S","150° 51' 5.1588"" E",,,New South Wales
,,,Germany,269,"0° 0' 0"" N","0° 0' 0"" E",,,
,,,Germany,270,"0° 0' 0"" N","0° 0' 0"" E",,,
,,High Wycombe ,United Kingdom,271,"51° 37' 42.9996"" N","0° 44' 53.6244"" W",,,Buckinghamshire
,,,United Kingdom,272,"50° 30' 13.068"" N","4° 39' 8.9928"" W",,,Cornwall
,,Río Piedras ,United States,273,"0° 0' 0"" N","0° 0' 0"" E",,,Puerto Rico
,,,,274,"0° 0' 0"" N","0° 0' 0"" E",,,
,,Penticton,Canada,275,"49° 29' 56.8968"" N","119° 35' 37.3488"" W",,,British Columbia
,,,,276,"0° 0' 0"" N","0° 0' 0"" E",,,
,,Boston,United Kingdom,277,"52° 58' 44.184"" N","0° 1' 35.6772"" W",,,Lincolnshire
,,,,278,"0° 0' 0"" N","0° 0' 0"" E",,,
,,,,279,"0° 0' 0"" N","0° 0' 0"" E",,,
,,Los Angeles,United States,280,"34° 3' 8.0424"" N","118° 14' 37.266"" W",,,California
,,,Belgium,281,"0° 0' 0"" N","0° 0' 0"" E",,,
,,Boston,United States,282,"42° 21' 30.3516"" N","71° 3' 35.1828"" W",,,Massachusetts
,,Canberra,Australia,283,"0° 0' 0"" N","0° 0' 0"" E",,,
,,Moscow,United States,284,"46° 43' 56.5968"" N","117° 0' 0.594"" W",,,Idaho
,,Edinburgh,United Kingdom,285,"55° 57' 11.7072"" N","3° 11' 17.7612"" W",,,
,,Trikala,Greece,286,"39° 33' 20.6352"" N","21° 46' 4.422"" E",,,
,,Newcastle,United Kingdom,287,"54° 58' 42.618"" N","1° 36' 36.1008"" W",,NE1 8QH,
,,Pinabacdao,Philippines,288,"11° 32' 56.58"" N","125° 4' 18.66"" E",,,Samar
,,Berlin,Germany,289,"52° 31' 9.0156"" N","13° 24' 21.9276"" E",,,
,,,,290,"0° 0' 0"" N","0° 0' 0"" E",,,
,,,Tanzania,291,"0° 0' 0"" N","0° 0' 0"" E",,,
,,,United Kingdom,292,"0° 0' 0"" N","0° 0' 0"" E",,,
,,,United States,293,"39° 33' 0.1836"" N","105° 46' 55.4412"" W",,,Colorado
,,"Sofia, Varna, Bourgas, Pleven, Plovdiv",Bulgaria,294,"42° 0' 0"" N","24° 30' 0"" E",,,
,,Brasilia,Brazil,295,"15° 46' 48.5328"" S","47° 55' 45.012"" W",,,Distrito Federal
,,Dublin,Ireland,296,"53° 20' 59.298"" N","6° 15' 37.116"" W",,,
,,,,297,"0° 0' 0"" N","0° 0' 0"" E",,,
,,,,298,"0° 0' 0"" N","0° 0' 0"" E",,,
,,Solingen,Germany,299,"51° 10' 13.494"" N","7° 3' 15.3288"" E",,,
,,,Germany,300,"0° 0' 0"" N","0° 0' 0"" E",,,
,,Dresden,Germany,301,"51° 3' 1.4724"" N","13° 44' 14.1432"" E",,,
,,,United Kingdom,302,"0° 0' 0"" N","0° 0' 0"" E",,,
,,Abuja,Nigeria,303,"9° 4' 0.0012"" N","7° 28' 59.9988"" E",,,
,,,Mongolia,304,"0° 0' 0"" N","0° 0' 0"" E",,,
,,,,305,"0° 0' 0"" N","0° 0' 0"" E",,,
,,Medellín,Colombia,306,"6° 14' 9.33"" N","75° 34' 30.4932"" W",,,
,,Santiago,Chile,307,"33° 28' 8.832"" S","70° 38' 31.1892"" W",,,
,,Estación Central,Chile,308,"0° 0' 0"" N","0° 0' 0"" E",,,
,,Santiago,Chile,309,"33° 28' 8.832"" S","70° 38' 31.1892"" W",,,
,,,Brazil,310,"0° 0' 0"" N","0° 0' 0"" E",,,
,,,,311,"0° 0' 0"" N","0° 0' 0"" E",,,
,,,Ireland,312,"0° 0' 0"" N","0° 0' 0"" E",,,
,,,Canada,313,"0° 0' 0"" N","0° 0' 0"" E",,,British Columbia
,,,Australia,314,"0° 0' 0"" N","0° 0' 0"" E",,,
,,Hadera,Israel,315,"0° 0' 0"" N","0° 0' 0"" E",,,
,,,Rwanda,316,"0° 0' 0"" N","0° 0' 0"" E",,,
,,,Colombia,317,"0° 0' 0"" N","0° 0' 0"" E",,,
,,,Chile,318,"0° 0' 0"" N","0° 0' 0"" E",,,
,,Philadelphia,United States,319,"0° 0' 0"" N","0° 0' 0"" E",,,Pennsylvania
,,Durban,South Africa,320,"29° 51' 28.3536"" S","31° 1' 39.2916"" E",,,
,,,United Kingdom,321,"52° 44' 24.4428"" N","1° 8' 26.1348"" W",,,
,,Paducah,United States,322,"37° 5' 0.2004"" N","88° 36' 0.1728"" W",,,Kentucky
,,Toronto,Canada,323,"43° 39' 11.6136"" N","79° 22' 59.4624"" W",,,Ontario
,,,Brazil,324,"0° 0' 0"" N","0° 0' 0"" E",,,
,,Ruthin,United Kingdom,325,"53° 6' 53.01"" N","3° 18' 39.1464"" W",,,Denbighshire
,,Edmonton,Canada,326,"53° 32' 39.8004"" N","113° 29' 27.3372"" W",,,
,,Hampton,United States,327,"37° 1' 47.5284"" N","76° 20' 42.7992"" W",,,Virginia
,,Lübeck,Germany,328,"53° 51' 57.1896"" N","10° 41' 13.5456"" E",,,Schleswig-Holstein
,,Bridgeport,United States,329,"41° 11' 11.5728"" N","73° 11' 42.6372"" W",,,Connecticut
,,Portland,United States,330,"45° 31' 24.4272"" N","122° 40' 34.3452"" W",,,Oregon
,,Burnsville,United States,331,"44° 46' 3.8712"" N","93° 16' 39.8028"" W",,,Minnesota
,,Geraldton-Greenough,Australia,332,"28° 56' 43.3536"" S","114° 44' 40.074"" E",,,Western Australia
,,Manchester,United Kingdom,333,"53° 30' 10.6524"" N","2° 11' 27.4776"" W",,M40 8BS,
,,Southampton ,United Kingdom,334,"50° 54' 34.92"" N","1° 24' 15.6636"" W",,,
,,,Netherlands,335,"0° 0' 0"" N","0° 0' 0"" E",,,
,,,Ethiopia,336,"0° 0' 0"" N","0° 0' 0"" E",,,
,,,Egypt,337,"0° 0' 0"" N","0° 0' 0"" E",,,
,,,Brazil,338,"0° 0' 0"" N","0° 0' 0"" E",,,
,,,Italy,339,"0° 0' 0"" N","0° 0' 0"" E",,,
,,Dulverton,United Kingdom,340,"51° 2' 22.7364"" N","3° 32' 58.866"" W",,,Somerset
Grimston Road<br />South Weoton,South Weoton,KIng&#039;s Lynn,United Kingdom,341,"52° 46' 33.6432"" N","0° 27' 14.1156"" E",,PE30 3HU,
,,Walsall,United Kingdom,342,"52° 35' 9.9096"" N","1° 58' 53.1084"" W",,WS1 1TP,
,,Brisbane,Australia,343,"27° 28' 15.6396"" S","153° 1' 24.4164"" E",,,Queensland
,,,India,344,"0° 0' 0"" N","0° 0' 0"" E",,,
,,,,345,"0° 0' 0"" N","0° 0' 0"" E",,,
,,,,346,"0° 0' 0"" N","0° 0' 0"" E",,,
,,Toronto,Canada,347,"43° 39' 11.6136"" N","79° 22' 59.4624"" W",,,
,,,United States,348,"0° 0' 0"" N","0° 0' 0"" E",,,Ohio
,,Rosario,Argentina,349,"32° 57' 2.6676"" S","60° 39' 59.4"" W",,,Santa Fe
,,,Latvia,350,"0° 0' 0"" N","0° 0' 0"" E",,,
,,Vorniceni,Moldova,351,"47° 8' 60"" N","28° 25' 59.9988"" E",,,
,,Berlin,Germany,352,"52° 31' 9.0156"" N","13° 24' 21.9276"" E",,,
,,,United Kingdom,353,"50° 30' 13.068"" N","4° 39' 8.9928"" W",,,Cornwall
,,Milton Keynes,United Kingdom,354,"52° 2' 26.2392"" N","0° 45' 33.9012"" W",,,
,,,United Kingdom,355,"53° 7' 42.6144"" N","0° 54' 11.16"" W",,,Nottinghamshire
,,Stockon on Tees,United Kingdom,356,"54° 34' 13.638"" N","1° 19' 44.3352"" W",,,
,,Berkhamsted,United Kingdom,357,"51° 45' 35.1576"" N","0° 34' 4.2852"" W",,,Hertfordshire
,,Tameside,United Kingdom,358,"53° 29' 24.4356"" N","2° 5' 39.1344"" W",,OL6 6DL,
,,Scunthorpe,United Kingdom,359,"53° 35' 19.1256"" N","0° 39' 15.8868"" W",,,Lincolnshire
,,Scarborough,United Kingdom,360,"54° 16' 59.2068"" N","0° 23' 59.1072"" W",,,
,,St Asaph,United Kingdom,361,"53° 15' 28.71"" N","3° 26' 37.4208"" W",,,Denbighshire
,,Devon,United Kingdom,362,"50° 46' 37.9704"" N","3° 59' 58.0596"" W",,,
,,Salford ,United Kingdom,363,"53° 30' 8.8056"" N","2° 19' 20.334"" W",,,Lancashire
,,Great Yarmouth,United Kingdom,364,"52° 35' 53.6388"" N","1° 43' 40.9692"" E",,,Norfolk
,,,United Kingdom,365,"51° 48' 35.2152"" N","0° 14' 15.6264"" W",,,Hertfordshire
,,St Helens,United Kingdom,366,"53° 27' 22.7052"" N","2° 44' 13.542"" W",,,
,,Lancaster ,United Kingdom,367,"54° 2' 47.67"" N","2° 48' 2.664"" W",,,Lancashire
,,Salford ,United Kingdom,368,"53° 30' 8.8056"" N","2° 19' 20.334"" W",,,Lancashire
,,Wrexham,United Kingdom,369,"53° 2' 34.944"" N","2° 59' 32.9784"" W",,,
,,,United Kingdom,370,"51° 48' 25.992"" N","0° 48' 45.9576"" W",,,Buckinghamshire
,,Wigan,United Kingdom,371,"53° 32' 43.584"" N","2° 38' 14.9064"" W",,,
,,Bradford ,United Kingdom,372,"53° 47' 45.5424"" N","1° 45' 33.8328"" W",,,
,,Sunderland,United Kingdom,373,"54° 54' 24.7284"" N","1° 23' 1.6836"" W",,,
,,London,United Kingdom,374,"51° 34' 58.4256"" N","0° 20' 10.6404"" W",,HA1,
,,,South Korea,375,"0° 0' 0"" N","0° 0' 0"" E",,,
,,Daejeon,South Korea,376,"36° 21' 1.4832"" N","127° 23' 4.3728"" E",,,
,,Minneapolis and St. Paul,United States,377,"44° 59' 0.0024"" N","93° 16' 0.012"" W",,,Minnesota
,,Vancouver,Canada,378,"49° 15' 40.4136"" N","123° 6' 50.1372"" W",,,British Columbia
,,,,379,"0° 0' 0"" N","0° 0' 0"" E",,,
,,La Plata,Argentina,380,"34° 55' 16.5"" S","57° 57' 15.5988"" W",,,
,,Andalucía,Spain,381,"37° 57' 35.4204"" N","2° 26' 15.0396"" W",,,
,,,Estonia,382,"0° 0' 0"" N","0° 0' 0"" E",,,
,,Gopeshwar,India,383,"30° 24' 30.4416"" N","79° 19' 16.4136"" E",,,
,,Luton ,United Kingdom,384,"51° 52' 43.2156"" N","0° 25' 12.0936"" W",,,
,,,,385,"0° 0' 0"" N","0° 0' 0"" E",,,
,,Tameside,United Kingdom,386,"0° 0' 0"" N","0° 0' 0"" E",,,
2 Ross Street,,Picton,Canada,387,"44° 0' 30.4164"" N","77° 8' 30.7032"" W",,K0K 2T0,Ontario
,,Atibaia,Brazil,388,"23° 7' 3.1764"" S","46° 33' 24.1452"" W",,,São Paulo
,,Santa Cruz,Cape Verde,389,"0° 0' 0"" N","0° 0' 0"" E",,,
,,,,390,"0° 0' 0"" N","0° 0' 0"" E",,,
,,Kuna,United States,391,"43° 29' 30.5916"" N","116° 25' 12.4392"" W",,,Idaho
,,,,392,"0° 0' 0"" N","0° 0' 0"" E",,,
,,,Italy,393,"0° 0' 0"" N","0° 0' 0"" E",,,
,,Bristol,United Kingdom,394,"0° 0' 0"" N","0° 0' 0"" E",,,Bristol
,,Hampton Bishop,United Kingdom,395,"52° 2' 25.0116"" N","2° 38' 45.5028"" W",,,Hertfordshire
,,Adur,United Kingdom,396,"50° 50' 5.3448"" N","0° 18' 36.4536"" W",,,
,,Birmingham,United Kingdom,397,"0° 0' 0"" N","0° 0' 0"" E",,,
,,Carlisle,United Kingdom,398,"0° 0' 0"" N","0° 0' 0"" E",,,Cumbria
,,Cumbria ,United Kingdom,399,"54° 34' 38.0352"" N","2° 47' 50.9424"" W",,,
,,,United Kingdom,400,"50° 41' 33.7848"" N","1° 19' 0.156"" W",,,Isle of Wight
,,Fife ,United Kingdom,401,"0° 0' 0"" N","0° 0' 0"" E",,,
,,Gosport,United Kingdom,402,"0° 0' 0"" N","0° 0' 0"" E",,,
,,Corby,United Kingdom,403,"52° 29' 32.2728"" N","0° 41' 3.2388"" W",,,
,,Exeter,United States,404,"42° 58' 53.1444"" N","70° 56' 51.918"" W",,,
,,Stirling ,United Kingdom,405,"0° 0' 0"" N","0° 0' 0"" E",,,
,,Durham,United Kingdom,406,"54° 46' 30.9"" N","1° 35' 5.4672"" W",,,County Durham
,,,Venezuela,407,"0° 0' 0"" N","0° 0' 0"" E",,,
,,Huntingdon North Ward ,United Kingdom,408,"0° 0' 0"" N","0° 0' 0"" E",,,
,,London,United Kingdom,409,"0° 0' 0"" N","0° 0' 0"" E",,,
,,,Estonia,410,"58° 35' 42.9792"" N","25° 0' 48.9852"" E",,,
,,Frodsham,United Kingdom,411,"0° 0' 0"" N","0° 0' 0"" E",,,
,,,United Kingdom,412,"0° 0' 0"" N","0° 0' 0"" E",,,Hampshire
,,,United Kingdom,413,"0° 0' 0"" N","0° 0' 0"" E",,,
,,,India,414,"0° 0' 0"" N","0° 0' 0"" E",,,
,,,Finland,415,"43° 46' 4.5048"" N","11° 15' 8.5644"" E",,,
,,,Finland,416,"43° 46' 4.5048"" N","11° 15' 8.5644"" E",,,
,,Scunthorpe,United Kingdom,417,"0° 0' 0"" N","0° 0' 0"" E",,,
,,New Orleans,United States,418,"0° 0' 0"" N","0° 0' 0"" E",,,Louisiana
,,Reykjavik,Iceland,419,"64° 8' 7.2168"" N","21° 53' 42.756"" W",,,
,,Zhaotong City,China,420,"0° 0' 0"" N","0° 0' 0"" E",,,Yunnan
,,Reykjavik,Iceland,421,"64° 8' 7.2168"" N","21° 53' 42.756"" W",,,
,,East Jerusalem,Palestinian Territory,422,"0° 0' 0"" N","0° 0' 0"" E",,,
,,Recife,Brazil,423,"8° 3' 15.4008"" S","34° 52' 52.5216"" W",,,Pernambuco
,,,Morocco,424,"0° 0' 0"" N","0° 0' 0"" E",,,
,,,Brazil,425,"0° 0' 0"" N","0° 0' 0"" E",,,
,,Cochabamba,Bolivia,426,"0° 0' 0"" N","0° 0' 0"" E",,,
,,Brüssel,Belgium,427,"50° 51' 1.224"" N","4° 21' 6.156"" E",,,
,,,United States,428,"0° 0' 0"" N","0° 0' 0"" E",,,
,,Amersfoort,Netherlands,429,"52° 9' 21.9996"" N","5° 23' 16.1772"" E",,,
,,Angers,France,430,"0° 0' 0"" N","0° 0' 0"" E",,,
,,,Colombia,431,"0° 0' 0"" N","0° 0' 0"" E",,,
,,,India,432,"0° 0' 0"" N","0° 0' 0"" E",,,Kerala
,,Santiago,Chile,433,"0° 0' 0"" N","0° 0' 0"" E",,,
,,Ipatinga,Brazil,434,"0° 0' 0"" N","0° 0' 0"" E",,,
,,,,435,"0° 0' 0"" N","0° 0' 0"" E",,,
,,Rosario,Argentina,436,"0° 0' 0"" N","0° 0' 0"" E",,,
,,Córdoba,Spain,437,"0° 0' 0"" N","0° 0' 0"" E",,,
,,Cruz Alta,Brazil,438,"0° 0' 0"" N","0° 0' 0"" E",,,
,,,United States,439,"0° 0' 0"" N","0° 0' 0"" E",,,Oregon
,,Kobe,Japan,440,"34° 41' 24.2988"" N","135° 11' 43.8396"" E",,,Hyogo
148 Lafayett Street,,New York,United States,441,"40° 43' 10.524"" N","73° 59' 59.3988"" W",,10013,New York
,,Seattle,United States,442,"0° 0' 0"" N","0° 0' 0"" E",,,Washington
,,,,443,"0° 0' 0"" N","0° 0' 0"" E",,,
,,,United States,444,"0° 0' 0"" N","0° 0' 0"" E",,,
,,San Mateo,United States,445,"0° 0' 0"" N","0° 0' 0"" E",,,California
,,Hobart,Australia,446,"42° 52' 54.8508"" S","147° 19' 25.7304"" E",,,Tasmania
,,Enschede,Netherlands,447,"52° 13' 17.5332"" N","6° 53' 37.1832"" E",,,
,,Haarlem,Netherlands,448,"52° 23' 1.0536"" N","4° 38' 9.4416"" E",,,
,,Heavitree,United Kingdom,449,"50° 43' 19.8552"" N","3° 29' 39.7572"" W",,,Devon
,,Bento Gonçalves,Brazil,450,"29° 9' 44.1504"" S","51° 31' 9.8724"" W",,,Minas Gerais
" Calle 18 N° 28 – 84,", ,Pasto- Nariño Colombia.,Colombia,451,"1° 13' 36.5556"" N","77° 17' 13.434"" W",,,
,,,Sweden,452,"10° 34' 26.7348"" S","37° 23' 8.3688"" W",,,
,,Alagoinhas,Brazil,453,"12° 8' 2.2884"" S","38° 25' 16.0392"" W",,,Bahia
,,Sopot,Poland,454,"0° 0' 0"" N","0° 0' 0"" E",,,
,,Aracaju,Brazil,455,"10° 55' 40.0584"" S","37° 4' 36.75"" W",,49097-270,Sergipe
,, Vallejo,United States,456,"0° 0' 0"" N","0° 0' 0"" E",,,California
,,,United States,457,"0° 0' 0"" N","0° 0' 0"" E",,,Massachusetts
,,,Italy,458,"0° 0' 0"" N","0° 0' 0"" E",,,
,,Vallejo,United States,459,"0° 0' 0"" N","0° 0' 0"" E",,,California
"<br />Youzha Township, Qionglai City ","Youzha Township, Qionglai City ",Chengdu Municipality,China,460,"30° 39' 42.588"" N","104° 3' 35.3808"" E",,,Sichuan
,,Eureka,United States,461,"0° 0' 0"" N","0° 0' 0"" E",,,California
,,,,462,"0° 0' 0"" N","0° 0' 0"" E",,,
,,,,463,"0° 0' 0"" N","0° 0' 0"" E",,,
,,Brussels,Belgium,464,"0° 0' 0"" N","0° 0' 0"" E",,,
,,,Greece,465,"39° 4' 27.1488"" N","21° 49' 27.5232"" E",,,
,,,,466,"0° 0' 0"" N","0° 0' 0"" E",,,
East 1st Ave to East 12th Ave (North South) Clark Drive to Nanaimo,,Vancouver,Canada,467,"0° 0' 0"" N","0° 0' 0"" E",,,British Columbia
,,Bagé,Brazil,468,"31° 19' 48.5112"" S","54° 6' 1.6632"" W",,,Rio Grande do Sul
"St. Andrew&#039;s House, Regent Road",,Edinburgh,United Kingdom,469,"0° 0' 0"" N","0° 0' 0"" E",,EH1 3DG,
Platz der Republik 1,,11011 Berlin,Germany,470,"52° 31' 8.1732"" N","13° 22' 31.8396"" E",,11011,
,,,Germany,471,"0° 0' 0"" N","0° 0' 0"" E",,,Nordrhein-Westfalen
,,Dortmund,Germany,472,"51° 30' 48.9132"" N","7° 27' 55.0728"" E",,,Nordrhein-Westfalen
,,Düsseldorf,Germany,473,"51° 13' 39.8676"" N","6° 46' 24.4416"" E",,,
,,,,474,"0° 0' 0"" N","0° 0' 0"" E",,,
,,,,475,"0° 0' 0"" N","0° 0' 0"" E",,,
,,,Germany,476,"48° 39' 41.7744"" N","9° 21' 0.4824"" E",,,Baden-Württemberg
,,,Germany,477,"52° 38' 12.1344"" N","9° 50' 42.2772"" E",,,Niedersachsen
,,Zürich,Switzerland,478,"0° 0' 0"" N","0° 0' 0"" E",,,
,,,Germany,479,"51° 9' 56.4876"" N","10° 27' 5.4936"" E",,,
,,Bremen ,Germany,480,"53° 4' 45.4656"" N","8° 48' 6.0984"" E",,,
,,Königslutter,Germany,481,"52° 15' 6.6816"" N","10° 48' 51.678"" E",,,Niedersachsen
,,,Germany,482,"51° 25' 59.6532"" N","7° 39' 41.7384"" E",,,Nordrhein-Westfalen
,,Boston,United States,483,"42° 21' 36.2988"" N","71° 3' 31.968"" W",,,Massachusetts
,,,Greece,484,"39° 4' 27.1488"" N","21° 49' 27.5232"" E",,,
,,Buenos Aires,Argentina,485,"0° 0' 0"" N","0° 0' 0"" E",,,
,,,United States,486,"0° 0' 0"" N","0° 0' 0"" E",,,California
,,,United States,487,"0° 0' 0"" N","0° 0' 0"" E",,,Virginia
,,,Canada,488,"56° 7' 49.3176"" N","106° 20' 48.3756"" W",,,
,,,Tunisia,489,"0° 0' 0"" N","0° 0' 0"" E",,,
,,Los Angeles,United States,490,"34° 3' 8.0424"" N","118° 14' 37.266"" W",,,California
,,Bauru,Brazil,491,"22° 18' 52.0524"" S","49° 3' 31.302"" W",,,São Paulo
,,,Brazil,492,"23° 33' 1.872"" S","46° 37' 59.9124"" W",,,São Paulo
,,Araras,Brazil,493,"22° 21' 37.7676"" S","47° 22' 47.4204"" W",,,São Paulo
,,Andradina,Brazil,494,"20° 53' 56.4288"" S","51° 22' 46.9344"" W",,,São Paulo
,,Bucharest,Romania,495,"0° 0' 0"" N","0° 0' 0"" E",,,
"Floor 1-2, 57 Bacho Kiro st.",,Sofia,Bulgaria,496,"42° 41' 51.7488"" N","23° 19' 18.7248"" E",,,
Burlington ,,Burlington,United States,497,"44° 28' 26.2164"" N","73° 11' 39.4944"" W",,VT 05405,Vermont
,,,,498,"0° 0' 0"" N","0° 0' 0"" E",,,
,,Seville,Spain,499,"0° 0' 0"" N","0° 0' 0"" E",,,
,,Reykjavik,Iceland,500,"64° 7' 59.9988"" N","21° 55' 59.9988"" W",,,
18 King George Terrace,,Canberra,Australia,501,"0° 0' 0"" N","0° 0' 0"" E",,ACT 2600,
,,,Nepal,502,"27° 41' 14.496"" N","83° 25' 56.424"" E",,,
￼ ,,Pune,India,503,"0° 0' 0"" N","0° 0' 0"" E",,,Maharashtra
,,,Germany,504,"0° 0' 0"" N","0° 0' 0"" E",,,
,,,Germany,505,"0° 0' 0"" N","0° 0' 0"" E",,,Nordrhein-Westfalen
,,,Brazil,506,"0° 0' 0"" N","0° 0' 0"" E",,,
,,,Brazil,507,"0° 0' 0"" N","0° 0' 0"" E",,,
,,,Uganda,508,"0° 0' 0"" N","0° 0' 0"" E",,,
,,Kadıköy,Turkey,509,"40° 58' 59.934"" N","29° 3' 48.2184"" E",,,
İnönü Avenue,,Kadıköy,Turkey,510,"40° 58' 59.934"" N","29° 3' 48.2184"" E",,,
,,"Mauthausen, Gusen, St. Georgen",Austria,511,"0° 0' 0"" N","0° 0' 0"" E",,,
,,,,512,"0° 0' 0"" N","0° 0' 0"" E",,,
,,,,513,"0° 0' 0"" N","0° 0' 0"" E",,,
,,Kadıköy,Turkey,514,"40° 58' 48.5616"" N","29° 4' 24.654"" E",,,
,,,Pakistan,515,"30° 48' 32.58"" N","73° 27' 2.9556"" E",,,
,,,,516,"0° 0' 0"" N","0° 0' 0"" E",,,
,,Geraldton,Australia,517,"0° 0' 0"" N","0° 0' 0"" E",,,
Kadife and Ihsan Unluer Streets,,Istanbul,Turkey,518,"0° 0' 0"" N","0° 0' 0"" E",,34710 ,
,,,Pakistan,519,"35° 51' 8.2332"" N","71° 47' 13.5852"" E",,,
,,Jaipur,India,520,"0° 0' 0"" N","0° 0' 0"" E",,,Rajasthan
,,,Australia,521,"34° 54' 22.5216"" S","138° 50' 23.064"" E",,,South Australia
,,Philadelphia,United States,522,"0° 0' 0"" N","0° 0' 0"" E",,,Pennsylvania
Frome Road,,Adelaide,Australia,523,"34° 55' 3.1404"" S","138° 36' 22.1832"" E",,SA 5000,
,,Louisville,United States,524,"0° 0' 0"" N","0° 0' 0"" E",,,Kentucky
,,Adelaide,Australia,525,"0° 0' 0"" N","0° 0' 0"" E",,,South Australia
Robert Sobukwe <br />Bellville,Bellville,Cape Town ,South Africa,526,"33° 56' 41.5824"" S","18° 36' 14.9184"" E",,7535,
25 Chambers Street,,Edinburgh,United Kingdom,527,"0° 0' 0"" N","0° 0' 0"" E",,EH1 1LA,
,,Madrid,Spain,528,"0° 0' 0"" N","0° 0' 0"" E",,,
,,,Australia,529,"0° 0' 0"" N","0° 0' 0"" E",,,
100 Murray Street<br />Pyrmont,Pyrmont,Sydney,Australia,530,"33° 52' 19.5996"" S","151° 11' 50.6148"" E",,2009,New South Wales
,,Seoul,South Korea,531,"0° 0' 0"" N","0° 0' 0"" E",,,
259 High Road,,London ,United Kingdom,532,"0° 0' 0"" N","0° 0' 0"" E",,Ilford IG1 1NN,
,,,United States,533,"0° 0' 0"" N","0° 0' 0"" E",,,New York
,,Melbourne,Australia,534,"37° 48' 48.9996"" S","144° 57' 47.0016"" E",,,Victoria
George Street<br />Plot 9,Plot 9,Kampala,Uganda,535,"0° 0' 0"" N","0° 0' 0"" E",,,
,,,United Kingdom,536,"0° 0' 0"" N","0° 0' 0"" E",,,
,,Sydney,Australia,537,"33° 52' 7.752"" S","151° 12' 33.4656"" E",,,New South Wales
,,,United States,538,"0° 0' 0"" N","0° 0' 0"" E",,,Ohio
,,,India,539,"0° 0' 0"" N","0° 0' 0"" E",,,
350 High Street<br />Preston,Preston,Darebin,Australia,540,"37° 44' 24.0108"" S","145° 0' 13.968"" E",,,Victoria
2/1 O&#039;Connell Street,,Sydney,Australia,541,"33° 51' 52.6176"" S","151° 12' 35.6148"" E",,2000,New South Wales
2-14 Fisher Street,	,Sydney,Australia,542,"33° 54' 38.268"" S","151° 9' 23.256"" E",,2049,New South Wales
9 Pelican Street,,Tewantin,Australia,543,"26° 23' 32.892"" S","153° 2' 28.644"" E",,4565,Queensland
85 Gordon Street<br />-36.96655	140.74038,-36.96655	140.74038,Naracoorte,Australia,544,"36° 57' 59.58"" S","140° 44' 25.368"" E",,5271,South Australia
,,Guelph,Canada,545,"0° 0' 0"" N","0° 0' 0"" E",,,Ontario
,,Tamale,Ghana,546,"0° 0' 0"" N","0° 0' 0"" E",,,
,,,,547,"0° 0' 0"" N","0° 0' 0"" E",,,
,,Austin,United States,548,"0° 0' 0"" N","0° 0' 0"" E",,78712,Texas
,,,Brazil,549,"0° 0' 0"" N","0° 0' 0"" E",,,Pará
,,,Brazil,550,"0° 0' 0"" N","0° 0' 0"" E",,,
,,,Brazil,551,"0° 0' 0"" N","0° 0' 0"" E",,,
601 High Street,,Penrith,Australia,552,"33° 45' 1.0188"" S","150° 41' 21.1524"" E",,2750,New South Wales
15-31 Pelham Street<br />Carlton,Carlton,Melbourne,Australia,553,"0° 0' 0"" N","0° 0' 0"" E",,3053,Victoria
,,,United States,554,"0° 0' 0"" N","0° 0' 0"" E",,,
,,,,555,"0° 0' 0"" N","0° 0' 0"" E",,,
,,,,556,"0° 0' 0"" N","0° 0' 0"" E",,,
,,,Canada,557,"0° 0' 0"" N","0° 0' 0"" E",,,British Columbia
,,Vancouver,Canada,558,"0° 0' 0"" N","0° 0' 0"" E",,,British Columbia
,,"Stoke-on-Trent, London",United Kingdom,559,"0° 0' 0"" N","0° 0' 0"" E",,,
50 Peter Hughes Drive,,Fremantle,Australia,560,"0° 0' 0"" N","0° 0' 0"" E",,6160,Western Australia
76 Vincent Street<br />Daylesford,Daylesford,,Australia,561,"0° 0' 0"" N","0° 0' 0"" E",,VIC 3460,Victoria
<br />Inverloch,Inverloch,,Australia,562,"0° 0' 0"" N","0° 0' 0"" E",,3996,
,,,Australia,563,"0° 0' 0"" N","0° 0' 0"" E",,,New South Wales
180 St Kilda Road,,Melbourne,Australia,564,"0° 0' 0"" N","0° 0' 0"" E",,3006,Victoria
76 Royal Avenue<br />Sandringham,Sandringham,Bayside,Australia,565,"0° 0' 0"" N","0° 0' 0"" E",,3191,Victoria
2 Queen Street<br />Mornington,Mornington,,Australia,566,"0° 0' 0"" N","0° 0' 0"" E",,3931,Victoria
,,,Pakistan,567,"33° 43' 45.7968"" N","73° 5' 35.3256"" E",,,
,,,Pakistan,568,"33° 43' 45.7968"" N","73° 5' 35.3256"" E",,,
,,,,569,"0° 0' 0"" N","0° 0' 0"" E",,,
,,,Pakistan,570,"0° 0' 0"" N","0° 0' 0"" E",,,
2 Heygarth Street<br />Echuca,Echuca,,Australia,571,"0° 0' 0"" N","0° 0' 0"" E",,VIC 3564,Victoria
,,Sydney,Australia,572,"0° 0' 0"" N","0° 0' 0"" E",,,New South Wales
,,,Pakistan,573,"33° 44' 1.5324"" N","73° 8' 5.8596"" E",,,
,,Carnarvon ,Australia,574,"0° 0' 0"" N","0° 0' 0"" E",,,Western Australia
,,,Pakistan,575,"31° 33' 16.5816"" N","74° 21' 25.7688"" E",,,
,,,Australia,576,"0° 0' 0"" N","0° 0' 0"" E",,,Western Australia
,,,Australia,577,"0° 0' 0"" N","0° 0' 0"" E",,,Western Australia
,,,Pakistan,578,"28° 29' 26.6388"" N","65° 5' 44.8044"" E",,,
,,Perth,Australia,579,"0° 0' 0"" N","0° 0' 0"" E",,,Western Australia
,,Hyderabad,Pakistan,580,"25° 22' 54.3036"" N","68° 22' 9.804"" E",,,Sindh
,,Fremantle,Australia,581,"0° 0' 0"" N","0° 0' 0"" E",,,Western Australia
Newborough Street<br />Doubleview,Doubleview,Perth,Australia,582,"0° 0' 0"" N","0° 0' 0"" E",,6018,Western Australia
Everingham Street,,Perth,Australia,583,"0° 0' 0"" N","0° 0' 0"" E",,,Western Australia
102 North Road,,Albany,Australia,584,"0° 0' 0"" N","0° 0' 0"" E",,6330,Western Australia
,,Perth,Australia,585,"0° 0' 0"" N","0° 0' 0"" E",,,Western Australia
140 William Street,,Perth,Australia,586,"0° 0' 0"" N","0° 0' 0"" E",,,Western Australia
,,,Belgium,587,"0° 0' 0"" N","0° 0' 0"" E",,,
,,,Pakistan,588,"33° 44' 1.5324"" N","73° 8' 5.8596"" E",,,
,,,Australia,589,"0° 0' 0"" N","0° 0' 0"" E",,,Western Australia
,,,Australia,590,"0° 0' 0"" N","0° 0' 0"" E",,,Western Australia
,,Newman ,Australia,591,"0° 0' 0"" N","0° 0' 0"" E",,,Western Australia
,,,,592,"0° 0' 0"" N","0° 0' 0"" E",,,
,,,Pakistan,593,"0° 0' 0"" N","0° 0' 0"" E",,,
,,,Pakistan,594,"0° 0' 0"" N","0° 0' 0"" E",,,
,,Islamabad,Pakistan,595,"33° 44' 1.5324"" N","73° 8' 5.8596"" E",,,
,,Eurobodalla,Australia,596,"0° 0' 0"" N","0° 0' 0"" E",,,New South Wales
<br />Glenunga,Glenunga,City of Burnside,Australia,597,"0° 0' 0"" N","0° 0' 0"" E",,,South Australia
,,Greater Bendigo,Australia,598,"0° 0' 0"" N","0° 0' 0"" E",,,Victoria
North Terrace,,Adelaide,Australia,599,"0° 0' 0"" N","0° 0' 0"" E",,5000,South Australia
,,,,600,"38° 54' 30.2184"" N","77° 2' 21.1164"" W",,,
,,East Hartford,United States,601,"41° 46' 42.9204"" N","72° 37' 15.708"" W",,06108,Connecticut
,,,Germany,602,"53° 4' 29.9316"" N","8° 48' 25.4916"" E",,,Bremen
,,Paris,France,603,"48° 51' 6.4584"" N","2° 22' 40.6848"" E",,,
,,London,United Kingdom,604,"51° 31' 36.8256"" N","0° 7' 44.2704"" W",,,
,,,,605,"47° 39' 40.014"" N","122° 19' 40.044"" W",,,
,,,,606,"39° 47' 23.3556"" N","105° 1' 48.9432"" W",,,
,,,United States,607,"45° 31' 57.6336"" N","122° 38' 52.3176"" W",,,
,,,,608,"51° 31' 46.0308"" N","0° 5' 0.906"" W",,,
,,,,609,"50° 49' 10.9776"" N","0° 8' 11.6592"" W",,,
,,Burlington,Canada,610,"43° 20' 51.0576"" N","79° 46' 45.2532"" W",,,Ontario
,,,,611,"0° 0' 0"" N","0° 0' 0"" E",,,
,,,,612,"48° 7' 32.6856"" N","11° 33' 44.4024"" E",,,
,,Harrisburg,United States,613,"40° 16' 25.32"" N","76° 53' 3.9048"" W",,,Pennsylvania
,,,Canada,614,"43° 23' 52.5912"" N","80° 21' 44.9712"" W",,,
,,,,615,"0° 0' 0"" N","0° 0' 0"" E",,,
,,Suva,Fiji,616,"18° 8' 33.3564"" S","178° 25' 51.6"" E",,,
P.O. Box R418<br />Royal Exchange,Royal Exchange,Sydney,Australia,617,"33° 51' 50.1696"" S","151° 12' 33.6024"" E",,1225,New South Wales
,,,United Kingdom,618,"53° 28' 52.2228"" N","2° 13' 59.2752"" W",,,
35 Dale Street,,Manchester,United Kingdom,619,"0° 0' 0"" N","0° 0' 0"" E",,,
,,Manchester,United Kingdom,620,"0° 0' 0"" N","0° 0' 0"" E",,,
,,London,United Kingdom,621,"51° 31' 16.3848"" N","0° 5' 13.1064"" W",,,
,,,United Kingdom,622,"53° 26' 8.7396"" N","2° 14' 34.6704"" W",,,
,,,United Kingdom,623,"53° 28' 13.9332"" N","2° 15' 44.046"" W",,,
,,London,United Kingdom,624,"51° 30' 52.6428"" N","0° 6' 53.532"" W",,,
,,,,625,"52° 28' 40.0944"" N","1° 54' 37.1808"" W",,,
,,,,626,"38° 54' 9.3096"" N","77° 2' 18.672"" W",,,
,,,,627,"52° 3' 45.2556"" N","1° 15' 14.0832"" E",,,
,,,,628,"51° 21' 13.6548"" N","2° 0' 6.7968"" W",,,
Avinyó 15 1a planta,,Barcelona,Spain,629,"0° 0' 0"" N","0° 0' 0"" E",,08002,Barcelona
,,,,630,"0° 0' 0"" N","0° 0' 0"" E",,,
,,,,631,"50° 51' 51.1704"" N","0° 4' 57.6336"" W",,,
,,,,632,"39° 58' 8.3676"" N","104° 54' 55.8864"" W",,,
,,,,633,"44° 2' 60"" N","123° 5' 24"" W",,,
,,London,United Kingdom,634,"51° 31' 44.1588"" N","0° 5' 42.954"" W",,,
,,London,United Kingdom,635,"51° 31' 44.1588"" N","0° 5' 42.954"" W",,,
,,,,636,"52° 5' 14.136"" N","0° 15' 59.2776"" W",,,
,,London,United Kingdom,637,"51° 31' 45.966"" N","0° 5' 1.2948"" W",,,
,,London,United Kingdom,638,"51° 30' 27.8604"" N","0° 5' 56.5764"" W",,,
,,,,639,"51° 29' 20.2776"" N","3° 11' 3.3864"" W",,,
,,,,640,"0° 0' 0"" N","0° 0' 0"" E",,,
,,,,641,"51° 26' 54.0924"" N","2° 35' 26.0124"" W",,,
,,London,United Kingdom,642,"51° 30' 40.3704"" N","0° 7' 11.3664"" W",,,
,,New Delhi,India,643,"28° 38' 7.1088"" N","77° 13' 29.856"" E",,,
,,,United Kingdom,644,"50° 55' 28.6932"" N","1° 23' 6.8532"" W",,,
,,,,645,"53° 2' 48.8688"" N","2° 59' 30.0228"" W",,,
,,,,646,"55° 22' 40.9836"" N","3° 26' 9.5028"" W",,,
,,London,United Kingdom,647,"51° 28' 27.3864"" N","0° 2' 43.4724"" W",,,
,,London,United Kingdom,648,"51° 31' 45.966"" N","0° 5' 1.2948"" W",,,
,,London,United Kingdom,649,"51° 30' 48.5676"" N","0° 5' 42.7632"" W",,,
,,London,United Kingdom,650,"51° 31' 17.598"" N","0° 4' 29.478"" W",,,
,,,,651,"42° 22' 8.2596"" N","71° 9' 7.8984"" W",,,
,,,,652,"0° 0' 0"" N","0° 0' 0"" E",,,
,,,,653,"0° 0' 0"" N","0° 0' 0"" E",,,
,,,,654,"38° 58' 36.4548"" N","76° 56' 19.068"" W",,,
,,,,655,"35° 20' 14.19"" N","94° 24' 17.4744"" W",,,
,,,,656,"38° 53' 51.5256"" N","77° 2' 11.6232"" W",,,
,,,,657,"0° 0' 0"" N","0° 0' 0"" E",,,
,,,,658,"51° 31' 21.7776"" N","0° 6' 19.5408"" W",,,
,,,Greece,659,"39° 4' 27.1488"" N","21° 49' 27.5232"" E",,,
,,,United States,660,"0° 0' 0"" N","0° 0' 0"" E",,,
325 Cedar Street <br />Suite 700,Suite 700,St. Paul,United States,661,"44° 56' 42.378"" N","93° 5' 32.7948"" W",,55101,
,,,,662,"29° 25' 26.8392"" N","98° 29' 37.0608"" W",,,
,,,,663,"38° 48' 15.5844"" N","76° 57' 0.2628"" W",,,
,,,United Kingdom,664,"51° 27' 7.0992"" N","2° 35' 37.6908"" W",,,
,,,,665,"39° 36' 36.6768"" N","105° 57' 52.7544"" W",,,
,,,,666,"40° 48' 49.7124"" N","74° 2' 52.2672"" W",,,
,,,Switzerland,667,"46° 13' 6.0672"" N","6° 9' 6.3324"" E",,,Geneva
,,,,668,"41° 45' 13.7844"" N","71° 21' 32.8716"" W",,,
,,,,669,"0° 0' 0"" N","0° 0' 0"" E",,,
,,,,670,"41° 50' 9.9528"" N","71° 24' 23.1408"" W",,,
,,,,671,"52° 23' 30.1776"" N","1° 52' 39.6984"" W",,,
,,,,672,"51° 28' 34.6908"" N","3° 10' 42.7296"" W",,,
,,,,673,"52° 24' 4.806"" N","1° 35' 1.914"" W",,,
,,,,674,"51° 30' 44.5644"" N","0° 0' 52.7868"" E",,,
,,,,675,"51° 34' 53.2992"" N","1° 17' 55.6368"" W",,,
,,Scotland,United Kingdom,676,"0° 0' 0"" N","0° 0' 0"" E",,,
,,,,677,"51° 28' 34.6908"" N","3° 10' 42.7296"" W",,,
,,,,678,"51° 28' 42.834"" N","3° 10' 47.874"" W",,,
,,,,679,"51° 28' 34.6908"" N","3° 10' 42.7296"" W",,,
,,,,680,"51° 36' 55.26"" N","3° 57' 48.5316"" W",,,
,,,,681,"53° 27' 42.804"" N","113° 22' 44.0616"" W",,,
,,Paris,France,682,"48° 50' 41.3736"" N","2° 17' 10.788"" E",,,
,,Paris,France,683,"48° 51' 25.9308"" N","2° 21' 19.2636"" E",,,
,,,Spain,684,"41° 23' 16.5012"" N","2° 10' 11.7084"" E",,,Barcelona
,,,Belgium,685,"50° 50' 46.6116"" N","4° 21' 17.0172"" E",,,
,,,,686,"0° 0' 0"" N","0° 0' 0"" E",,,
,,,Belgium,687,"51° 12' 0"" N","4° 23' 40.3116"" E",,,
,,,Belgium,688,"50° 46' 41.358"" N","4° 22' 21.2124"" E",,,Brussels
,,,,689,"50° 44' 11.238"" N","9° 3' 9.8424"" E",,,
,,,,690,"59° 18' 48.8556"" N","18° 4' 1.2612"" E",,,
,,,,691,"52° 22' 32.1564"" N","13° 24' 11.952"" E",,,
,,,Germany,692,"0° 0' 0"" N","0° 0' 0"" E",,,
,,,United States,693,"51° 35' 26.6028"" N","0° 7' 54.6096"" W",,,
,,,United States,694,"51° 20' 39.6204"" N","0° 5' 16.4076"" W",,,
,,,,695,"52° 16' 53.7672"" N","4° 52' 40.548"" E",,,
,,,,696,"47° 15' 47.9736"" N","8° 31' 3.72"" E",,,
,,,,697,"41° 31' 37.56"" N","70° 40' 7.32"" W",,,
,,,,698,"42° 38' 29.4072"" N","23° 19' 51.3588"" E",,,
,,,Taiwan,699,"25° 1' 34.1688"" N","121° 32' 33.7524"" E",,,
,,,Australia,700,"33° 45' 48.6792"" S","151° 17' 43.6956"" E",,,
Av. Monroe 1395 2° C,,Buenos Aires,Argentina,701,"34° 33' 8.118"" S","58° 26' 59.4312"" W",,,
,,,Austria,702,"47° 7' 47.8236"" N","15° 25' 29.298"" E",,,
,,,,703,"47° 2' 41.6832"" N","122° 53' 54.2868"" W",,,
,,,,704,"41° 35' 28.1724"" N","1° 31' 15.1032"" E",,,
,,,,705,"41° 50' 18.474"" N","12° 27' 38.4948"" E",,,
,,,,706,"40° 21' 43.8192"" N","3° 44' 33.63"" W",,,
,,,,707,"39° 16' 4.8108"" N","81° 33' 21.7764"" W",,,
,,Washington,United States,708,"38° 54' 25.8912"" N","77° 2' 12.7356"" W",,,
,,,,709,"42° 19' 21.8136"" N","71° 4' 21.1764"" W",,,
,,Athens,Greece,710,"38° 2' 55.7232"" N","23° 48' 12.3984"" E",,,
,,,,711,"33° 27' 3.4236"" N","90° 39' 18.3312"" W",,,
,,,,712,"38° 54' 2.196"" N","77° 0' 28.1484"" W",,,
,,,,713,"41° 52' 46.4844"" N","87° 37' 50.1456"" W",,,
,,,,714,"39° 38' 48.3864"" N","84° 9' 33.3756"" W",,,
,,,,715,"51° 30' 0.5472"" N","0° 7' 34.4496"" W",,,
,,,Kenya,716,"0° 1' 24.8124"" S","37° 54' 22.2948"" E",,,
,,,United Kingdom,717,"53° 51' 9.0972"" N","1° 32' 17.1096"" W",,,
,,,,718,"43° 8' 2.3064"" N","70° 55' 35.2128"" W",,,
,,,,719,"37° 25' 41.3364"" N","122° 10' 7.3128"" W",,,
,,Nairobi,Kenya,720,"1° 32' 16.4436"" S","36° 49' 34.2192"" E",,,
,,,,721,"47° 36' 46.404"" N","122° 20' 10.464"" W",,,
,,,Uganda,722,"0° 19' 39.7776"" N","32° 34' 3.0648"" E",,,Kampala
,,,Canada,723,"45° 25' 20.658"" N","75° 40' 17.166"" W",,,
,,,,724,"33° 49' 49.0656"" N","116° 32' 43.0512"" W",,,
,,,,725,"0° 0' 0"" N","0° 0' 0"" E",,,
,,,,726,"0° 0' 0"" N","0° 0' 0"" E",,,
,,,,727,"0° 0' 0"" N","0° 0' 0"" E",,,
,,,,728,"0° 0' 0"" N","0° 0' 0"" E",,,
,,Johannesburg,South Africa,729,"26° 12' 8.802"" S","28° 1' 40.6848"" E",,,
,,Kansas City,United States,730,"39° 11' 19.6296"" N","96° 35' 3.0408"" W",,,
,,D.C.,United States,731,"38° 54' 19.224"" N","77° 2' 24.342"" W",,,
,,Cape Town,South Africa,732,"33° 55' 56.82"" S","18° 27' 24.228"" E",,,
,,,,733,"49° 36' 12.0708"" N","6° 7' 45.0516"" E",,,
,,,Sweden,734,"60° 7' 41.3796"" N","18° 38' 36.6036"" E",,,
,,,United States,735,"46° 58' 34.518"" N","14° 10' 9.9624"" E",,,
,,,,736,"46° 15' 6.462"" N","93° 37' 52.8456"" W",,,
,,,,737,"38° 45' 14.6988"" N","77° 0' 50.976"" W",,,
,,,,738,"38° 48' 15.5844"" N","101° 16' 24.3552"" W",,,
,,,,739,"35° 5' 58.3332"" N","119° 0' 24.606"" W",,,
,,,,740,"37° 12' 41.994"" N","78° 39' 48.8664"" W",,,
,,,,741,"41° 53' 52.4976"" N","84° 54' 29.5272"" W",,,
,,,,742,"39° 38' 22.3368"" N","100° 53' 54.3768"" W",,,
,,,Hungary,743,"46° 31' 35.832"" N","19° 38' 26.2896"" E",,,
,,,Finland,744,"63° 53' 55.4316"" N","25° 45' 7.0308"" E",,,
,,,Ireland,745,"53° 10' 16.9068"" N","8° 28' 18.9228"" W",,,
,,,Hungary,746,"0° 0' 0"" N","0° 0' 0"" E",,,
,,,,747,"0° 0' 0"" N","0° 0' 0"" E",,,
,,,,748,"39° 38' 22.3368"" N","102° 39' 22.5"" W",,,
,,,France,749,"0° 0' 0"" N","0° 0' 0"" E",,,
,,,Ireland,750,"53° 13' 26.454"" N","6° 11' 44.0052"" W",,,
,,,Iceland,751,"64° 8' 12.5304"" N","21° 52' 40.4364"" W",,,
,,,United Kingdom,752,"53° 47' 42.5256"" N","1° 45' 6.7752"" W",,,
,,,,753,"50° 48' 44.6904"" N","4° 19' 59.4876"" E",,,
,,,,754,"59° 4' 57.8208"" N","17° 57' 58.716"" E",,,
,,,,755,"47° 0' 29.6208"" N","16° 48' 16.8588"" E",,,
,,,,756,"32° 20' 56.1624"" N","90° 52' 52.6548"" W",,,
,,Paris,France,757,"48° 50' 48.5736"" N","2° 20' 41.712"" E",,,
,,,Greece,758,"37° 57' 33.1668"" N","23° 51' 36.3888"" E",,,
,,,,759,"51° 28' 0.4224"" N","3° 11' 0.4992"" W",,,
,,,,760,"54° 45' 45.612"" N","1° 34' 15.762"" W",,,
,,,Slovenia,761,"45° 58' 52.2696"" N","14° 46' 0.8652"" E",,,
104 Rue du Plein Soleil,,Saint Gély du Fesc,France,762,"43° 41' 49.6428"" N","3° 48' 1.2024"" E",,34980,
,,,,763,"0° 0' 0"" N","0° 0' 0"" E",,,
,,,,764,"0° 0' 0"" N","0° 0' 0"" E",,,
,,Valparaíso,Chile,765,"33° 2' 44.7684"" S","71° 38' 28.1652"" W",,,
,,Lyon 69007,France,766,"45° 44' 48.0264"" N","4° 50' 6.0792"" E",,,
,,,,767,"48° 50' 14.046"" N","2° 18' 18.5328"" E",,,
,,,Spain,768,"37° 15' 49.0356"" N","6° 56' 28.7844"" W",,,Huelva
,,University of Victoria,Canada,769,"48° 27' 56.1384"" N","123° 18' 29.8584"" W",,,British Columbia
,,Québec,Canada,770,"45° 29' 40.5456"" N","75° 43' 45.9336"" W",,,
,,,Israel,771,"32° 5' 35.5236"" N","34° 47' 21.912"" E",,,
Maria Hendrikaplein 64a,,Ghent,Belgium,772,"51° 2' 14.3988"" N","3° 42' 38.6316"" E",,9000,
,,,Australia,773,"27° 6' 3.0996"" S","136° 53' 54.4056"" E",,,
,,,,774,"53° 19' 0.7464"" N","2° 12' 53.4204"" W",,,
,,,,775,"37° 51' 57.2112"" N","122° 19' 24.33"" W",,,
,,Bari,Italy,776,"41° 7' 33.2904"" N","16° 52' 19.6068"" E",,,
"506 SW Mill St., Urban Center 720",,Portland ,United States,777,"45° 30' 20.1708"" N","122° 41' 17.574"" W",,97201,Oregon
,,,,778,"0° 0' 0"" N","0° 0' 0"" E",,,
16 E. 16th St.<br />6th floor,6th floor,New York City,United States,779,"40° 44' 12.8472"" N","73° 59' 30.0696"" W",,10003,
,,,,780,"0° 0' 0"" N","0° 0' 0"" E",,,
,,,,781,"0° 0' 0"" N","0° 0' 0"" E",,,
,,,,782,"0° 0' 0"" N","0° 0' 0"" E",,,
b. 3 Kapranova lane,,Moscow,Russia,783,"55° 45' 28.4904"" N","37° 34' 21.3024"" E",,123242,
,,Monterrey,Mexico,784,"25° 40' 23.5596"" N","100° 18' 33.1236"" W",,,Nuevo Leon
,,Monterrey,Mexico,785,"25° 40' 23.5596"" N","100° 18' 33.1236"" W",,,Nuevo Leon
,,,,786,"0° 0' 0"" N","0° 0' 0"" E",,,
,,,,787,"0° 0' 0"" N","0° 0' 0"" E",,,
Exchange Place,,Adelaide,Australia,788,"34° 55' 30.8892"" S","138° 36' 2.2572"" E",,5000,
,,Auckland,New Zealand,789,"36° 50' 54.456"" S","174° 45' 47.9952"" E",,,
1005 Cypress St.,,Vancouver,Canada,790,"49° 16' 36.3756"" N","123° 8' 51.5796"" W",,V6J 3K6,British Columbia
1783 Campus Delivery<br />Eddy Building 210,Eddy Building 210,Fort Collins,United States,791,"40° 34' 12"" N","105° 5' 24"" W",,80523-1783,Colorado
,,,,792,"0° 0' 0"" N","0° 0' 0"" E",,,
,,,Australia,793,"37° 51' 25.722"" S","144° 52' 52.9464"" E",,3016,
,,,,794,"0° 0' 0"" N","0° 0' 0"" E",,,
,,,,795,"0° 0' 0"" N","0° 0' 0"" E",,,
#250-111 W Hastings Street,,Vancouver,Canada,796,"49° 16' 55.5564"" N","123° 6' 27.4212"" W",,V6B 1H4,
P.O. Box 34025 ,,Seattle ,United States,797,"47° 36' 36"" N","122° 19' 48"" W",,98124-4025,Washington
,,,,798,"0° 0' 0"" N","0° 0' 0"" E",,,
,,,,799,"0° 0' 0"" N","0° 0' 0"" E",,,
,,,,800,"0° 0' 0"" N","0° 0' 0"" E",,,
21 Smith Street ,,Fitzroy,Australia,801,"37° 48' 28.7532"" S","144° 58' 57.3708"" E",,3065,Victoria
,,,,802,"0° 0' 0"" N","0° 0' 0"" E",,,
614 Division Street,,Port Orchard,United States,803,"47° 32' 14.298"" N","122° 38' 16.35"" W",,98366,
"Department of Communication, Room 125 Box 353740 <br />University of Washington",University of Washington,Seattle,United States,804,"47° 39' 3.1968"" N","122° 18' 30.2472"" W",,98195,Washington
,,Vashon ,United States,805,"47° 26' 50.352"" N","122° 27' 35.46"" W",,98070,Washington
,,Vaasa,Finland,806,"63° 6' 34.0056"" N","21° 35' 38.8968"" E",,65200,
,,,,807,"0° 0' 0"" N","0° 0' 0"" E",,,
,,,,808,"0° 0' 0"" N","0° 0' 0"" E",,,
,,,,809,"0° 0' 0"" N","0° 0' 0"" E",,,
,,,,810,"0° 0' 0"" N","0° 0' 0"" E",,,
,,,,811,"0° 0' 0"" N","0° 0' 0"" E",,,
,,,,812,"0° 0' 0"" N","0° 0' 0"" E",,,
,,,,813,"0° 0' 0"" N","0° 0' 0"" E",,,
,,,,814,"0° 0' 0"" N","0° 0' 0"" E",,,
,,,,815,"0° 0' 0"" N","0° 0' 0"" E",,,
,,,,816,"0° 0' 0"" N","0° 0' 0"" E",,,
,,,,817,"0° 0' 0"" N","0° 0' 0"" E",,,
,,,,818,"0° 0' 0"" N","0° 0' 0"" E",,,
,,,,819,"0° 0' 0"" N","0° 0' 0"" E",,,
,,,Canada,820,"0° 0' 0"" N","0° 0' 0"" E",,,British Columbia
,,,,821,"0° 0' 0"" N","0° 0' 0"" E",,,
2 Downshire Place<br />Great Victoria Street ,Great Victoria Street ,Belfast,United Kingdom,822,"0° 0' 0"" N","0° 0' 0"" E",,BT2 7JQ ,
4660 La Jolla Village Drive <br />Suite 700,Suite 700,San Diego,United States,823,"32° 52' 28.218"" N","117° 12' 25.1928"" W",,92122,California
,,,,824,"0° 0' 0"" N","0° 0' 0"" E",,,
,,,,825,"0° 0' 0"" N","0° 0' 0"" E",,,
,,,,826,"0° 0' 0"" N","0° 0' 0"" E",,,
,,,,827,"0° 0' 0"" N","0° 0' 0"" E",,,
322 NW Sixth Ave<br />Suite 200,Suite 200,Portland,United States,828,"45° 31' 32.1924"" N","122° 40' 35.0652"" W",,97209,Oregon
,,,,829,"0° 0' 0"" N","0° 0' 0"" E",,,
,,,,830,"0° 0' 0"" N","0° 0' 0"" E",,,
,,,,831,"0° 0' 0"" N","0° 0' 0"" E",,,
,,,,832,"0° 0' 0"" N","0° 0' 0"" E",,,
,,,,833,"0° 0' 0"" N","0° 0' 0"" E",,,
,,,,834,"0° 0' 0"" N","0° 0' 0"" E",,,
,,,Germany,835,"0° 0' 0"" N","0° 0' 0"" E",,,
Telliskivi 60a,,Tallinn,Estonia,836,"59° 26' 26.4948"" N","24° 43' 47.5428"" E",,10412,
901 P Street<br />Suite 154-A,Suite 154-A,Sacramento,United States,837,"38° 34' 27.0084"" N","121° 29' 50.3124"" W",,95814,California
205-400 avenue Atlantic,,Outremont,Canada,838,"0° 0' 0"" N","0° 0' 0"" E",,H2A 1V5,Quebec
,,,,839,"0° 0' 0"" N","0° 0' 0"" E",,,
,,,Portugal,840,"0° 0' 0"" N","0° 0' 0"" E",,,
P.O. Box 111955,,San José,United States,841,"37° 17' 24"" N","121° 57' 36"" W",,95011-1955,California
36 Ballysillan Road,,Belfast,United Kingdom,842,"54° 37' 19.452"" N","5° 58' 23.088"" W",,BT14 7QQ,
,,,Pakistan,843,"0° 0' 0"" N","0° 0' 0"" E",,,
,,,,844,"0° 0' 0"" N","0° 0' 0"" E",,,
"1901 Penn Avenue NW, Suite 1000",,Washington,United States,845,"38° 54' 2.4876"" N","77° 2' 37.7268"" W",,20006,District Of Columbia
5200 Hampton Blvd,,Norfolk,United States,846,"36° 53' 22.6716"" N","76° 18' 8.5752"" W",,23508,Virginia
P.O. Box  6,,Montevallo,United States,847,"33° 6' 2.43"" N","86° 51' 50.9616"" W",,35115,Alabama
901 P Street<br />Suite 154-A,Suite 154-A,Sacramento,United States,848,"38° 34' 27.0084"" N","121° 29' 50.3124"" W",,95814,California
,,,United States,849,"0° 0' 0"" N","0° 0' 0"" E",,,
,,,,850,"0° 0' 0"" N","0° 0' 0"" E",,,
,,,,851,"0° 0' 0"" N","0° 0' 0"" E",,,
<br />Info@VoterDeliberation.org. ,Info@VoterDeliberation.org. ,,United States,852,"0° 0' 0"" N","0° 0' 0"" E",,,
,,,,853,"0° 0' 0"" N","0° 0' 0"" E",,,
,,,,854,"0° 0' 0"" N","0° 0' 0"" E",,,
1401 East Jefferson St.,,Seattle,United States,855,"47° 36' 21.8952"" N","122° 18' 49.6656"" W",,98122,Washington
24255 Pacific Coast Highway Drescher Campus ,,Malibu,United States,856,"34° 1' 57.9576"" N","118° 42' 13.554"" W",,90263,California
,,,,857,"0° 0' 0"" N","0° 0' 0"" E",,,
GPO Box 123,,Hobart,Australia,858,"42° 31' 19.3692"" S","145° 53' 28.4028"" E",,7001,Tasmania
"506 SW Mill St., Urban Center 720",,Portland,United States,859,"45° 30' 20.1708"" N","122° 41' 17.574"" W",,97201,Oregon
Robert-Bosch-Straße 7,,Darmstadt,Germany,860,"49° 52' 15.7944"" N","8° 37' 29.7732"" E",,64293,
,,,,861,"0° 0' 0"" N","0° 0' 0"" E",,,
,,,,862,"0° 0' 0"" N","0° 0' 0"" E",,,
,,,,863,"0° 0' 0"" N","0° 0' 0"" E",,,
,,,,864,"0° 0' 0"" N","0° 0' 0"" E",,,
,,,,865,"0° 0' 0"" N","0° 0' 0"" E",,,
,,,,866,"0° 0' 0"" N","0° 0' 0"" E",,,
,,Gütersloh,Germany,867,"51° 54' 11.6568"" N","8° 23' 8.7144"" E",,,
,,Munich,Germany,868,"48° 8' 11.7852"" N","11° 34' 37.506"" E",,,
,,,,869,"0° 0' 0"" N","0° 0' 0"" E",,,
,,,United States,870,"0° 0' 0"" N","0° 0' 0"" E",,,
,,,,871,"0° 0' 0"" N","0° 0' 0"" E",,,
,,,,872,"0° 0' 0"" N","0° 0' 0"" E",,,
,,,,873,"0° 0' 0"" N","0° 0' 0"" E",,,
,,,,874,"0° 0' 0"" N","0° 0' 0"" E",,,
,,,,875,"0° 0' 0"" N","0° 0' 0"" E",,,
,,,,876,"0° 0' 0"" N","0° 0' 0"" E",,,
,,,,877,"0° 0' 0"" N","0° 0' 0"" E",,,
,,,,878,"0° 0' 0"" N","0° 0' 0"" E",,,
,,,,879,"0° 0' 0"" N","0° 0' 0"" E",,,
,,,,880,"0° 0' 0"" N","0° 0' 0"" E",,,
,,,,881,"0° 0' 0"" N","0° 0' 0"" E",,,
,,,,882,"0° 0' 0"" N","0° 0' 0"" E",,,
,,,,883,"0° 0' 0"" N","0° 0' 0"" E",,,
,,,,884,"0° 0' 0"" N","0° 0' 0"" E",,,
,,,,885,"0° 0' 0"" N","0° 0' 0"" E",,,
,,,,886,"0° 0' 0"" N","0° 0' 0"" E",,,
,,,,887,"0° 0' 0"" N","0° 0' 0"" E",,,
,,,,888,"0° 0' 0"" N","0° 0' 0"" E",,,
,,,,889,"0° 0' 0"" N","0° 0' 0"" E",,,
,,,,890,"0° 0' 0"" N","0° 0' 0"" E",,,
,,Helsinki,Finland,891,"60° 10' 23.9664"" N","24° 56' 27.69"" E",,,
,,,,892,"0° 0' 0"" N","0° 0' 0"" E",,,
,,,,893,"0° 0' 0"" N","0° 0' 0"" E",,,
18 Victoria Park Square<br />Bethnal Green,Bethnal Green,London,United Kingdom,894,"51° 31' 43.1436"" N","0° 3' 13.8924"" W",,E2 9PF,
,,,,895,"0° 0' 0"" N","0° 0' 0"" E",,,
,,,,896,"0° 0' 0"" N","0° 0' 0"" E",,,
,,,,897,"0° 0' 0"" N","0° 0' 0"" E",,,
,,,,898,"0° 0' 0"" N","0° 0' 0"" E",,,
,,,,899,"0° 0' 0"" N","0° 0' 0"" E",,,
,,,,900,"0° 0' 0"" N","0° 0' 0"" E",,,
,,,,901,"0° 0' 0"" N","0° 0' 0"" E",,,
,,,,902,"0° 0' 0"" N","0° 0' 0"" E",,,
,,,,903,"0° 0' 0"" N","0° 0' 0"" E",,,
,,Los Angeles,United States,904,"34° 3' 8.0424"" N","118° 14' 37.266"" W",,,California
,,,,905,"0° 0' 0"" N","0° 0' 0"" E",,,
,,,United Kingdom,906,"53° 26' 41.3268"" N","2° 11' 24.0828"" W",,M19 3GB,
,,,,907,"0° 0' 0"" N","0° 0' 0"" E",,,
,,,,908,"0° 0' 0"" N","0° 0' 0"" E",,,
,,,,909,"0° 0' 0"" N","0° 0' 0"" E",,,
,,,,910,"0° 0' 0"" N","0° 0' 0"" E",,,
,,,France,911,"0° 0' 0"" N","0° 0' 0"" E",,,
,,,,912,"0° 0' 0"" N","0° 0' 0"" E",,,
,,,,913,"0° 0' 0"" N","0° 0' 0"" E",,,
,,,,914,"0° 0' 0"" N","0° 0' 0"" E",,,
,,,,915,"0° 0' 0"" N","0° 0' 0"" E",,,
,,,,916,"0° 0' 0"" N","0° 0' 0"" E",,,
,,,,917,"0° 0' 0"" N","0° 0' 0"" E",,,
,,,,918,"0° 0' 0"" N","0° 0' 0"" E",,,
,,,,919,"0° 0' 0"" N","0° 0' 0"" E",,,
,,,,920,"0° 0' 0"" N","0° 0' 0"" E",,,
,,,,921,"0° 0' 0"" N","0° 0' 0"" E",,,
,,,,922,"0° 0' 0"" N","0° 0' 0"" E",,,
,,,,923,"0° 0' 0"" N","0° 0' 0"" E",,,
,,,,924,"0° 0' 0"" N","0° 0' 0"" E",,,
,,,,925,"0° 0' 0"" N","0° 0' 0"" E",,,
,,,,926,"0° 0' 0"" N","0° 0' 0"" E",,,
,,,,927,"0° 0' 0"" N","0° 0' 0"" E",,,
,,,,928,"0° 0' 0"" N","0° 0' 0"" E",,,
,,,,929,"0° 0' 0"" N","0° 0' 0"" E",,,
,,,,930,"0° 0' 0"" N","0° 0' 0"" E",,,
,,,,931,"0° 0' 0"" N","0° 0' 0"" E",,,
,,,,932,"0° 0' 0"" N","0° 0' 0"" E",,,
"Mawson Lakes Blvd<br />Innovation House, Technology Park","Innovation House, Technology Park",Mawson Lakes,Australia,933,"34° 49' 5.2032"" S","138° 36' 41.1804"" E",,5095,South Australia
,,,,934,"0° 0' 0"" N","0° 0' 0"" E",,,
"630, Sherbrooke W",,Montréal,Canada,935,"45° 30' 19.1628"" N","73° 34' 22.8036"" W",,,Quebec
,,,,936,"0° 0' 0"" N","0° 0' 0"" E",,,
,,,,937,"0° 0' 0"" N","0° 0' 0"" E",,,
,,,,938,"0° 0' 0"" N","0° 0' 0"" E",,,
,,,,939,"0° 0' 0"" N","0° 0' 0"" E",,,
,,,,940,"0° 0' 0"" N","0° 0' 0"" E",,,
,,,,941,"0° 0' 0"" N","0° 0' 0"" E",,,
,,,,942,"0° 0' 0"" N","0° 0' 0"" E",,,
,,Islamabad,Pakistan,943,"33° 43' 5.3436"" N","73° 3' 37.9692"" E",,,
,,,,944,"0° 0' 0"" N","0° 0' 0"" E",,,
Humberto Primo 517,,Buenos Aires,Argentina,945,"34° 37' 14.5524"" S","58° 22' 23.0412"" W",,,
,,Québec city,Canada,946,"46° 48' 11.8188"" N","71° 14' 34.0656"" W",,,Quebec
,,Montréal,Canada,947,"45° 30' 31.212"" N","73° 33' 14.3748"" W",,,Quebec
32-38 Wells Street,,London,United Kingdom,948,"51° 31' 4.0152"" N","0° 8' 17.8656"" W",,W1T 3UW,
,,,,949,"0° 0' 0"" N","0° 0' 0"" E",,,
,,,,950,"0° 0' 0"" N","0° 0' 0"" E",,,
,,Cochabamba,Bolivia,951,"17° 22' 59.9988"" S","66° 10' 0.0012"" W",,,
,,Chiusi,Italy,952,"43° 0' 55.8684"" N","11° 56' 41.19"" E",,,Siena
,,,,953,"0° 0' 0"" N","0° 0' 0"" E",,,
Delta House<br />50 West Nile Street,50 West Nile Street,Glasgow,United Kingdom,954,"55° 51' 41.9112"" N","4° 15' 16.9776"" W",,G1 2NP,
,,,,955,"0° 0' 0"" N","0° 0' 0"" E",,,
,,,,956,"0° 0' 0"" N","0° 0' 0"" E",,,
,,,Tunisia,957,"35° 31' 2.9676"" N","86° 34' 49.6092"" W",,,
,,,,958,"0° 0' 0"" N","0° 0' 0"" E",,,
,,,,959,"0° 0' 0"" N","0° 0' 0"" E",,,
,,,,960,"0° 0' 0"" N","0° 0' 0"" E",,,
,,,,961,"0° 0' 0"" N","0° 0' 0"" E",,,
,,,,962,"0° 0' 0"" N","0° 0' 0"" E",,,
,,,,963,"0° 0' 0"" N","0° 0' 0"" E",,,
,,,India,964,"20° 35' 37.2624"" N","78° 57' 46.368"" E",,,
Toldbodgade 12,,Copenhagen,Denmark,965,"55° 40' 49.566"" N","12° 35' 31.83"" E",,,
,,,,966,"0° 0' 0"" N","0° 0' 0"" E",,,
,,,,967,"0° 0' 0"" N","0° 0' 0"" E",,,
,,,Finland,968,"0° 0' 0"" N","0° 0' 0"" E",,,
,,,,969,"0° 0' 0"" N","0° 0' 0"" E",,,
,,Brussels,Belgium,970,"0° 0' 0"" N","0° 0' 0"" E",,,
,,,Canada,971,"0° 0' 0"" N","0° 0' 0"" E",,,
,,,,972,"0° 0' 0"" N","0° 0' 0"" E",,,
,,,,973,"0° 0' 0"" N","0° 0' 0"" E",,,
,,,,974,"0° 0' 0"" N","0° 0' 0"" E",,,
,,Buenos Aires,Argentina,975,"0° 0' 0"" N","0° 0' 0"" E",,,
,,,Greece,976,"0° 0' 0"" N","0° 0' 0"" E",,,
,,,Pakistan,977,"0° 0' 0"" N","0° 0' 0"" E",,,
,,,Morocco,978,"0° 0' 0"" N","0° 0' 0"" E",,,
,,East Jerusalem,Palestinian Territory,979,"0° 0' 0"" N","0° 0' 0"" E",,,
"1255 23rd Street, NW<br />Suite 275",Suite 275,Washington,United States,980,"0° 0' 0"" N","0° 0' 0"" E",,20037,District Of Columbia
,,,,981,"0° 0' 0"" N","0° 0' 0"" E",,,
Rue d&#039;Alost 7-11,,Brussels,Belgium,982,"0° 0' 0"" N","0° 0' 0"" E",,1000,
,,San Cassiano,Italy,983,"0° 0' 0"" N","0° 0' 0"" E",,,Lecce
377 Ponce De Leon Avenue,,San Juan,United States,984,"0° 0' 0"" N","0° 0' 0"" E",,00918,
,,,United States,985,"33° 56' 41.5824"" S","18° 36' 14.9184"" E",,,
,,,,986,"0° 0' 0"" N","0° 0' 0"" E",,,
,,,,987,"0° 0' 0"" N","0° 0' 0"" E",,,
,,,,988,"0° 0' 0"" N","0° 0' 0"" E",,,
,,,,989,"0° 0' 0"" N","0° 0' 0"" E",,,
1424 Commercial Drive<br />PO Box #21674,PO Box #21674,Vancouver,Canada,990,"0° 0' 0"" N","0° 0' 0"" E",,V5L 5G3,British Columbia
,,,,991,"0° 0' 0"" N","0° 0' 0"" E",,,
,,Brooklyn,United States,992,"0° 0' 0"" N","0° 0' 0"" E",,,New York
,,,,993,"0° 0' 0"" N","0° 0' 0"" E",,,
,,Paris,France,994,"0° 0' 0"" N","0° 0' 0"" E",,,
,,Guelph,Canada,995,"0° 0' 0"" N","0° 0' 0"" E",,,Ontario
,,,Brazil,996,"0° 0' 0"" N","0° 0' 0"" E",,,
"197A Smuts Road<br />Prospect, Waterfalls","Prospect, Waterfalls",Harare,Zimbabwe,997,"0° 0' 0"" N","0° 0' 0"" E",,,
,,Berlin,Germany,998,"0° 0' 0"" N","0° 0' 0"" E",,,
,,Oakland,United States,999,"0° 0' 0"" N","0° 0' 0"" E",,,California
,,,,1000,"0° 0' 0"" N","0° 0' 0"" E",,,
,,,,1001,"0° 0' 0"" N","0° 0' 0"" E",,,
,,Boston,United States,1002,"0° 0' 0"" N","0° 0' 0"" E",,,Massachusetts
673 Bourke Street,,Melbourne,Australia,1003,"0° 0' 0"" N","0° 0' 0"" E",,VIC 3000,Victoria
,,,Australia,1004,"0° 0' 0"" N","0° 0' 0"" E",,,Western Australia
66a Dalhousie Street<br />Haberfield,Haberfield,Sydney,Australia,1005,"0° 0' 0"" N","0° 0' 0"" E",,2045,New South Wales
225 Main Road<br />Blackwood,Blackwood,,Australia,1006,"0° 0' 0"" N","0° 0' 0"" E",,,South Australia
,,,Australia,1007,"0° 0' 0"" N","0° 0' 0"" E",,,Victoria
35 King Street,,Bristol,United Kingdom,1008,"0° 0' 0"" N","0° 0' 0"" E",,,
,,New York,United States,1009,"0° 0' 0"" N","0° 0' 0"" E",,,New York
50 Featherstone Street,,London,United Kingdom,1010,"0° 0' 0"" N","0° 0' 0"" E",,EC1Y 8RT,
,,Jaipur ,India,1011,"0° 0' 0"" N","0° 0' 0"" E",,,Rajasthan
653 Bourke Street,,Melbourne,Australia,1012,"0° 0' 0"" N","0° 0' 0"" E",,3000,Victoria
"10-C, Sunset Lane 5",,Karachi,Pakistan,1013,"0° 0' 0"" N","0° 0' 0"" E",,Pakistan,Sindh
,,,,1014,"0° 0' 0"" N","0° 0' 0"" E",,,
,,,Pakistan,1015,"0° 0' 0"" N","0° 0' 0"" E",,,
"Ghari Shahu,",,Lahore,Pakistan,1016,"0° 0' 0"" N","0° 0' 0"" E",,54000,Punjab
,,,Pakistan,1017,"0° 0' 0"" N","0° 0' 0"" E",,,
,,,Australia,1018,"0° 0' 0"" N","0° 0' 0"" E",,,
,,Melbourne,Australia,1019,"0° 0' 0"" N","0° 0' 0"" E",,,Victoria
,,,Australia,1020,"0° 0' 0"" N","0° 0' 0"" E",,,
Halifax Street,,Adelaide,Australia,1021,"0° 0' 0"" N","0° 0' 0"" E",,SA 5000,South Australia
,,,Pakistan,1022,"0° 0' 0"" N","0° 0' 0"" E",,,
,,Vancouver,Canada,1023,"0° 0' 0"" N","0° 0' 0"" E",,,British Columbia
,,,Canada,1024,"0° 0' 0"" N","0° 0' 0"" E",,,
108 Moor Street<br />Fitzroy,Fitzroy,,Australia,1025,"0° 0' 0"" N","0° 0' 0"" E",,3065,Victoria
,,,Germany,1026,"0° 0' 0"" N","0° 0' 0"" E",,,
